ID,PC,Opcode,Bitwidth,Execution_Count,Avg_Latency,MemLevel,BranchCount,Execution_Count_Cum,Avg_Latency_Cum,Opcode_Num,Opcode_Num_Norm,Bitwidth_Norm,Execution_Count_Norm,Avg_Latency_Norm,FSS_Score
137,0x55555555516e,ARITH,32.0,3.0,21.33,,0.0,3.0,21.33,3.0,0.75,0.0,0.00086244070720138,0.02567095920086653,0.19413334997701698
138,0x55555555516e,ARITH,32.0,125.0,56.832080000000005,,0.0,128.0,56.0,3.0,0.75,0.0,0.05347132384648555,0.06839821879889277,0.21796738566134458
139,0x55555555516e,ARITH,32.0,125.0,54.78559999999999,,0.0,253.0,55.4,3.0,0.75,0.0,0.05347132384648555,0.06593525093272354,0.21735164369480228
140,0x55555555516e,ARITH,32.0,125.0,55.55120000000002,,0.0,378.0,55.45,3.0,0.75,0.0,0.05347132384648555,0.06685666145143823,0.21758199632448094
141,0x55555555516e,ARITH,32.0,125.0,55.28903999999998,,0.0,503.0,55.41,3.0,0.75,0.0,0.05347132384648555,0.06654114815260558,0.2175031179997728
142,0x55555555516e,ARITH,32.0,125.0,54.25448000000001,,0.0,628.0,55.18,3.0,0.75,0.0,0.05347132384648555,0.0652960404380792,0.2171918410711412
143,0x55555555516e,ARITH,32.0,125.0,223.2496,,0.0,753.0,83.08,3.0,0.75,0.0,0.05347132384648555,0.26868407750631845,0.268038850338201
144,0x55555555516e,ARITH,32.0,125.0,50.69936000000004,,0.0,878.0,78.47,3.0,0.75,0.0,0.05347132384648555,0.06101740281622342,0.21612218166567726
145,0x55555555516e,ARITH,32.0,125.0,57.60759999999998,,0.0,1003.0,75.87,3.0,0.75,0.0,0.05347132384648555,0.0693315681790829,0.21820072300639212
146,0x55555555516e,ARITH,32.0,125.0,55.566,,0.0,1128.0,73.62,3.0,0.75,0.0,0.05347132384648555,0.06687447346251053,0.21758644932724902
147,0x55555555516e,ARITH,32.0,125.0,51.466959999999965,,0.0,1253.0,71.41,3.0,0.75,0.0,0.05347132384648555,0.061941220363461266,0.2163531360524867
148,0x55555555516e,ARITH,32.0,125.0,59.39383999999997,,0.0,1378.0,70.32,3.0,0.75,0.0,0.05347132384648555,0.07148133349380187,0.21873816433507187
149,0x55555555516e,ARITH,32.0,125.0,53.72688,,0.0,1503.0,68.94,3.0,0.75,0.0,0.05347132384648555,0.06466106631363581,0.21703309754003033
150,0x55555555516e,ARITH,32.0,125.0,55.004320000000064,,0.0,1628.0,67.87,3.0,0.75,0.0,0.05347132384648555,0.0661984835720304,0.217417451854629
151,0x55555555516e,ARITH,32.0,125.0,55.10815999999991,,0.0,1753.0,66.96,3.0,0.75,0.0,0.05347132384648555,0.06632345649295933,0.21744869508486123
152,0x55555555516e,ARITH,32.0,125.0,57.49488,,0.0,1878.0,66.33,3.0,0.75,0.0,0.05347132384648555,0.06919590805151041,0.218166807974499
153,0x55555555516e,ARITH,32.0,125.0,53.83128000000003,,0.0,2003.0,65.55,3.0,0.75,0.0,0.05347132384648555,0.06478671320255149,0.21706450926225926
154,0x55555555516e,ARITH,32.0,125.0,56.527280000000026,,0.0,2128.0,65.02,3.0,0.75,0.0,0.05347132384648555,0.0680313876519437,0.21787567787460732
155,0x55555555516e,ARITH,32.0,125.0,55.10680000000005,,0.0,2253.0,64.47,3.0,0.75,0.0,0.05347132384648555,0.06632181971356366,0.2174482858900123
156,0x55555555516e,ARITH,32.0,125.0,54.958,,0.0,2378.0,63.97,3.0,0.75,0.0,0.05347132384648555,0.06614273679143097,0.21740351515947914
157,0x55555555516e,ARITH,32.0,125.0,57.36208000000008,,0.0,2503.0,63.64,3.0,0.75,0.0,0.05347132384648555,0.06903608135756417,0.21812685130101245
158,0x55555555516e,ARITH,32.0,125.0,54.38943999999994,,0.0,2628.0,63.2,3.0,0.75,0.0,0.05347132384648555,0.0654584667228306,0.21723244764232905
159,0x55555555516e,ARITH,32.0,125.0,55.71183999999985,,0.0,2753.0,62.86,3.0,0.75,0.0,0.05347132384648555,0.06704999398242852,0.21763032945722852
160,0x55555555516e,ARITH,32.0,125.0,57.33424,,0.0,2878.0,62.62,3.0,0.75,0.0,0.05347132384648555,0.06900257552051992,0.21811847484175137
161,0x55555555516e,ARITH,32.0,125.0,54.2116000000001,,0.0,3003.0,62.27,3.0,0.75,0.0,0.05347132384648555,0.06524443374654001,0.2171789393982564
162,0x55555555516e,ARITH,32.0,125.0,56.51447999999999,,0.0,3128.0,62.04,3.0,0.75,0.0,0.05347132384648555,0.06801598266939463,0.21787182662897003
163,0x55555555516e,ARITH,32.0,125.0,53.19184000000008,,0.0,3253.0,61.7,3.0,0.75,0.0,0.05347132384648555,0.0640171380430859,0.21687211547239288
164,0x55555555516e,ARITH,32.0,125.0,55.484479999999984,,0.0,3378.0,61.47,3.0,0.75,0.0,0.05347132384648555,0.06677636297990129,0.21756192170659672
165,0x55555555516e,ARITH,32.0,125.0,53.90352000000002,,0.0,3503.0,61.2,3.0,0.75,0.0,0.05347132384648555,0.06487365507281263,0.21708624472982455
166,0x55555555516e,ARITH,32.0,125.0,53.944,,0.0,3628.0,60.95,3.0,0.75,0.0,0.05347132384648555,0.06492237333012396,0.21709842429415238
167,0x55555555516e,ARITH,32.0,125.0,54.34471999999997,,0.0,3753.0,60.73,3.0,0.75,0.0,0.05347132384648555,0.06540464556504991,0.21721899235288386
168,0x55555555516e,ARITH,32.0,125.0,55.45592000000016,,0.0,3878.0,60.56,3.0,0.75,0.0,0.05347132384648555,0.06674199061258895,0.21755332861476862
169,0x55555555516e,ARITH,32.0,125.0,55.115919999999925,,0.0,4003.0,60.39,3.0,0.75,0.0,0.05347132384648555,0.0663327957636297,0.21745102990252882
170,0x55555555516e,ARITH,32.0,125.0,53.78519999999972,,0.0,4128.0,60.19,3.0,0.75,0.0,0.05347132384648555,0.06473125526537456,0.21705064477796504
171,0x55555555516e,ARITH,32.0,125.0,55.08640000000014,,0.0,4253.0,60.04,3.0,0.75,0.0,0.05347132384648555,0.06629726802262624,0.21744214796727795
172,0x55555555516e,ARITH,32.0,125.0,54.78639999999991,,0.0,4378.0,59.89,3.0,0.75,0.0,0.05347132384648555,0.06593621374413275,0.21735188439765457
173,0x55555555516e,ARITH,32.0,125.0,53.40568000000017,,0.0,4503.0,59.71,3.0,0.75,0.0,0.05347132384648555,0.06427449753279596,0.21693645534482037
174,0x55555555516e,ARITH,32.0,125.0,56.007600000000096,,0.0,4628.0,59.61,3.0,0.75,0.0,0.05347132384648555,0.06740594536045263,0.21771931730173455
175,0x55555555516e,ARITH,32.0,125.0,55.04712000000011,,0.0,4753.0,59.49,3.0,0.75,0.0,0.05347132384648555,0.06624999398242883,0.2174303294572286
176,0x55555555516e,ARITH,32.0,125.0,56.75831999999984,,0.0,4878.0,59.42,3.0,0.75,0.0,0.05347132384648555,0.06830944758695372,0.2179451928583598
177,0x55555555516e,ARITH,32.0,125.0,56.21808000000007,,0.0,5003.0,59.34,3.0,0.75,0.0,0.05347132384648555,0.06765926104224343,0.21778264622218224
178,0x55555555516e,ARITH,32.0,125.0,50.72495999999996,,0.0,5128.0,59.13,3.0,0.75,0.0,0.05347132384648555,0.06104821278132141,0.21612988415695175
179,0x55555555516e,ARITH,32.0,125.0,56.18831999999984,,0.0,5253.0,59.06,3.0,0.75,0.0,0.05347132384648555,0.06762344445781664,0.21777369207607555
180,0x55555555516e,ARITH,32.0,125.0,55.18783999999985,,0.0,5378.0,58.97,3.0,0.75,0.0,0.05347132384648555,0.06641935250932705,0.21747266908895316
181,0x55555555516e,ARITH,32.0,125.0,55.44808000000008,,0.0,5503.0,58.89,3.0,0.75,0.0,0.05347132384648555,0.06673255506077756,0.21755096972681578
182,0x55555555516e,ARITH,32.0,125.0,52.58664000000013,,0.0,5628.0,58.75,3.0,0.75,0.0,0.05347132384648555,0.06328877121193902,0.21669002376460614
183,0x55555555516e,ARITH,32.0,125.0,53.22712000000011,,0.0,5753.0,58.63,3.0,0.75,0.0,0.05347132384648555,0.06405959802623674,0.21688273046818057
184,0x55555555516e,ARITH,32.0,125.0,53.92760000000009,,0.0,5878.0,58.53,3.0,0.75,0.0,0.05347132384648555,0.06490263569623311,0.21709348988567967
185,0x55555555516e,ARITH,32.0,125.0,53.24735999999987,,0.0,6003.0,58.42,3.0,0.75,0.0,0.05347132384648555,0.06408395715489212,0.21688882025034442
186,0x55555555516e,ARITH,32.0,125.0,53.517600000000094,,0.0,6128.0,58.32,3.0,0.75,0.0,0.05347132384648555,0.06440919484895907,0.21697012967386115
187,0x55555555516e,ARITH,32.0,125.0,55.31855999999959,,0.0,6253.0,58.26,3.0,0.75,0.0,0.05347132384648555,0.06657667589360884,0.2175119999350236
188,0x55555555516e,ARITH,32.0,125.0,56.72928000000026,,0.0,6378.0,58.23,3.0,0.75,0.0,0.05347132384648555,0.06827449753279607,0.21793645534482042
189,0x55555555516e,ARITH,32.0,125.0,55.62879999999981,,0.0,6503.0,58.18,3.0,0.75,0.0,0.05347132384648555,0.06695005415814155,0.2176053445011568
190,0x55555555516e,ARITH,32.0,125.0,54.998560000000055,,0.0,6628.0,58.12,3.0,0.75,0.0,0.05347132384648555,0.06619155132988332,0.21741571879409222
191,0x55555555516e,ARITH,32.0,125.0,58.12,,0.0,6753.0,58.12,3.0,0.75,0.0,0.05347132384648555,0.0699482488867493,0.21835489318330872
192,0x55555555516e,ARITH,32.0,125.0,56.46928000000026,,0.0,6878.0,58.09,3.0,0.75,0.0,0.05347132384648555,0.06796158382476863,0.21785822691781354
193,0x55555555516e,ARITH,32.0,125.0,55.28879999999982,,0.0,7003.0,58.04,3.0,0.75,0.0,0.05347132384648555,0.06654085930918259,0.21750304578891705
194,0x55555555516e,ARITH,32.0,125.0,56.3292799999998,,0.0,7128.0,58.01,3.0,0.75,0.0,0.05347132384648555,0.06779309182813792,0.21781610391865586
195,0x55555555516e,ARITH,32.0,125.0,55.10880000000028,,0.0,7253.0,57.96,3.0,0.75,0.0,0.05347132384648555,0.06632422674208723,0.2174488876471432
196,0x55555555516e,ARITH,32.0,125.0,53.82831999999984,,0.0,7378.0,57.89,3.0,0.75,0.0,0.05347132384648555,0.0647831508003368,0.2170636186617056
197,0x55555555516e,ARITH,32.0,125.0,54.28856000000005,,0.0,7503.0,57.83,3.0,0.75,0.0,0.05347132384648555,0.06533705620411608,0.21720209501265042
198,0x55555555516e,ARITH,32.0,125.0,54.168560000000056,,0.0,7628.0,57.77,3.0,0.75,0.0,0.05347132384648555,0.06519263449271881,0.2171659895848011
199,0x55555555516e,ARITH,32.0,125.0,54.04856000000006,,0.0,7753.0,57.71,3.0,0.75,0.0,0.05347132384648555,0.06504821278132153,0.21712988415695178
200,0x55555555516e,ARITH,32.0,125.0,52.66808000000008,,0.0,7878.0,57.63,3.0,0.75,0.0,0.05347132384648555,0.06338678541340724,0.2167145273149732
201,0x55555555516e,ARITH,32.0,125.0,53.78856000000005,,0.0,8003.0,57.57,3.0,0.75,0.0,0.05347132384648555,0.06473529907329408,0.21705165572994492
202,0x55555555516e,ARITH,32.0,125.0,53.01831999999983,,0.0,8128.0,57.5,3.0,0.75,0.0,0.05347132384648555,0.06380830424840514,0.21681990702372267
203,0x55555555516e,ARITH,32.0,125.0,54.19880000000028,,0.0,8253.0,57.45,3.0,0.75,0.0,0.05347132384648555,0.0652290287639912,0.21717508815261918
204,0x55555555516e,ARITH,32.0,125.0,52.75831999999984,,0.0,8378.0,57.38,3.0,0.75,0.0,0.05347132384648555,0.06349539054037771,0.2167416785967158
205,0x55555555516e,ARITH,32.0,125.0,51.93807999999961,,0.0,8503.0,57.3,3.0,0.75,0.0,0.05347132384648555,0.06250822000240655,0.21649488596222302
206,0x55555555516e,ARITH,32.0,125.0,55.22928000000073,,0.0,8628.0,57.27,3.0,0.75,0.0,0.05347132384648555,0.06646922614033064,0.21748513749670406
207,0x55555555516e,ARITH,32.0,125.0,57.27,,0.0,8753.0,57.27,3.0,0.75,0.0,0.05347132384648555,0.0689252617643519,0.21809914640270936
208,0x55555555516e,ARITH,32.0,125.0,54.42903999999911,,0.0,8878.0,57.23,3.0,0.75,0.0,0.05347132384648555,0.0655061258875907,0.21724436243351908
209,0x55555555516e,ARITH,32.0,125.0,55.06928000000072,,0.0,9003.0,57.2,3.0,0.75,0.0,0.05347132384648555,0.06627666385846759,0.2174369969262383
210,0x55555555516e,ARITH,32.0,125.0,53.548799999999815,,0.0,9128.0,57.15,3.0,0.75,0.0,0.05347132384648555,0.06444674449392203,0.2169795170851019
211,0x55555555516e,ARITH,32.0,125.0,57.14999999999954,,0.0,9253.0,57.15,3.0,0.75,0.0,0.05347132384648555,0.06878084005295407,0.2180630409748599
212,0x55555555516e,ARITH,32.0,125.0,51.14808000000007,,0.0,9378.0,57.07,3.0,0.75,0.0,0.05347132384648555,0.06155744373570835,0.21625719189554848
213,0x55555555516e,ARITH,32.0,125.0,55.54952000000048,,0.0,9503.0,57.05,3.0,0.75,0.0,0.05347132384648555,0.06685463954747921,0.21758149084849118
214,0x55555555516e,ARITH,32.0,125.0,55.509519999999554,,0.0,9628.0,57.03,3.0,0.75,0.0,0.05347132384648555,0.06680649897701234,0.21756945570587446
215,0x55555555516e,ARITH,32.0,125.0,53.12879999999981,,0.0,9753.0,56.98,3.0,0.75,0.0,0.05347132384648555,0.06394126850403155,0.2168531480876293
216,0x55555555516e,ARITH,32.0,125.0,52.23856000000052,,0.0,9878.0,56.92,3.0,0.75,0.0,0.05347132384648555,0.06286985196774644,0.216585293953558
217,0x55555555516e,ARITH,32.0,125.0,51.3183200000003,,0.0,10003.0,56.85,3.0,0.75,0.0,0.05347132384648555,0.0617623300036109,0.2163084134625241
218,0x55555555516e,ARITH,32.0,125.0,54.41927999999933,,0.0,10128.0,56.82,3.0,0.75,0.0,0.05347132384648555,0.06549437958839732,0.21724142585872072
219,0x55555555516e,ARITH,32.0,125.0,56.82,,0.0,10253.0,56.82,3.0,0.75,0.0,0.05347132384648555,0.0683836803466121,0.21796375104827442
220,0x55555555516e,ARITH,32.0,125.0,56.82,,0.0,10378.0,56.82,3.0,0.75,0.0,0.05347132384648555,0.0683836803466121,0.21796375104827442
221,0x55555555516e,ARITH,32.0,125.0,55.13952000000049,,0.0,10503.0,56.8,3.0,0.75,0.0,0.05347132384648555,0.06636119870020518,0.2174581306366727
222,0x55555555516e,ARITH,32.0,125.0,53.39904000000004,,0.0,10628.0,56.76,3.0,0.75,0.0,0.05347132384648555,0.0642665061980985,0.216934457511146
223,0x55555555516e,ARITH,32.0,125.0,54.17927999999933,,0.0,10753.0,56.73,3.0,0.75,0.0,0.05347132384648555,0.06520553616560275,0.21716921500302208
224,0x55555555516e,ARITH,32.0,125.0,54.98952000000048,,0.0,10878.0,56.71,3.0,0.75,0.0,0.05347132384648555,0.06618067156095858,0.21741299885186105
225,0x55555555516e,ARITH,32.0,125.0,55.82975999999978,,0.0,11003.0,56.7,3.0,0.75,0.0,0.05347132384648555,0.06719191238416149,0.21766580905766175
226,0x55555555516e,ARITH,32.0,125.0,56.7,,0.0,11128.0,56.7,3.0,0.75,0.0,0.05347132384648555,0.06823925863521482,0.2179276456204251
227,0x55555555516e,ARITH,32.0,125.0,53.99928000000026,,0.0,11253.0,56.67,3.0,0.75,0.0,0.05347132384648555,0.06498890359850795,0.21711505686124838
228,0x55555555516e,ARITH,32.0,125.0,57.580240000000224,,0.0,11378.0,56.68,3.0,0.75,0.0,0.05347132384648555,0.06929864002888461,0.21819249096884255
229,0x55555555516e,ARITH,32.0,125.0,55.75975999999978,,0.0,11503.0,56.67,3.0,0.75,0.0,0.05347132384648555,0.0671076663858464,0.217644747558083
230,0x55555555516e,ARITH,32.0,125.0,58.53047999999952,,0.0,11628.0,56.69,3.0,0.75,0.0,0.05347132384648555,0.07044226742086836,0.21847839781683848
231,0x55555555516e,ARITH,32.0,125.0,55.74976000000071,,0.0,11753.0,56.68,3.0,0.75,0.0,0.05347132384648555,0.06709563124323109,0.21764173877242915
232,0x55555555516e,ARITH,32.0,125.0,55.72975999999978,,0.0,11878.0,56.67,3.0,0.75,0.0,0.05347132384648555,0.06707156095799709,0.21763572120112065
233,0x55555555516e,ARITH,32.0,125.0,57.63024000000022,,0.0,12003.0,56.68,3.0,0.75,0.0,0.05347132384648555,0.06935881574196681,0.2182075348971131
234,0x55555555516e,ARITH,32.0,125.0,54.73951999999955,,0.0,12128.0,56.66,3.0,0.75,0.0,0.05347132384648555,0.06587979299554646,0.217337779210508
235,0x55555555516e,ARITH,32.0,125.0,58.62048000000045,,0.0,12253.0,56.68,3.0,0.75,0.0,0.05347132384648555,0.07055058370441744,0.21850547688772576
236,0x55555555516e,ARITH,32.0,125.0,55.68975999999978,,0.0,12378.0,56.67,3.0,0.75,0.0,0.05347132384648555,0.06702342038753133,0.2176236860585042
237,0x55555555516e,ARITH,32.0,125.0,53.66928000000026,,0.0,12503.0,56.64,3.0,0.75,0.0,0.05347132384648555,0.06459174389216543,0.21701576693466273
238,0x55555555516e,ARITH,32.0,125.0,53.60927999999933,,0.0,12628.0,56.61,3.0,0.75,0.0,0.05347132384648555,0.06451953303646567,0.2169977142207378
239,0x55555555516e,ARITH,32.0,125.0,54.56952000000049,,0.0,12753.0,56.59,3.0,0.75,0.0,0.05347132384648555,0.0656751955710681,0.2172866298543884
240,0x55555555516e,ARITH,32.0,125.0,54.52951999999955,,0.0,12878.0,56.57,3.0,0.75,0.0,0.05347132384648555,0.06562705500060122,0.21727459471177168
241,0x55555555516e,ARITH,32.0,125.0,55.52976000000071,,0.0,13003.0,56.56,3.0,0.75,0.0,0.05347132384648555,0.0668308581056694,0.21757554548803873
242,0x55555555516e,ARITH,32.0,125.0,54.45951999999955,,0.0,13128.0,56.54,3.0,0.75,0.0,0.05347132384648555,0.06554280900228614,0.21725353321219293
243,0x55555555516e,ARITH,32.0,125.0,53.35928000000026,,0.0,13253.0,56.51,3.0,0.75,0.0,0.05347132384648555,0.06421865447105579,0.21692249457938534
244,0x55555555516e,ARITH,32.0,125.0,55.43975999999978,,0.0,13378.0,56.5,3.0,0.75,0.0,0.05347132384648555,0.06672254182212033,0.21754846641715148
245,0x55555555516e,ARITH,32.0,125.0,56.5,,0.0,13503.0,56.5,3.0,0.75,0.0,0.05347132384648555,0.06799855578288602,0.2178674699073429
246,0x55555555516e,ARITH,32.0,125.0,54.31951999999955,,0.0,13628.0,56.48,3.0,0.75,0.0,0.05347132384648555,0.06537431700565598,0.2172114102130354
247,0x55555555516e,ARITH,32.0,125.0,52.07904000000004,,0.0,13753.0,56.44,3.0,0.75,0.0,0.05347132384648555,0.06267786737272842,0.2165372978048035
248,0x55555555516e,ARITH,32.0,125.0,56.44,,0.0,13878.0,56.44,3.0,0.75,0.0,0.05347132384648555,0.06792634492718738,0.21784941719341824
249,0x55555555516e,ARITH,32.0,125.0,56.44,,0.0,14003.0,56.44,3.0,0.75,0.0,0.05347132384648555,0.06792634492718738,0.21784941719341824
250,0x55555555516e,ARITH,32.0,125.0,55.30976000000071,,0.0,14128.0,56.43,3.0,0.75,0.0,0.05347132384648555,0.06656608496810772,0.2175093522036483
251,0x55555555516e,ARITH,32.0,125.0,55.289759999999774,,0.0,14253.0,56.42,3.0,0.75,0.0,0.05347132384648555,0.06654201468287371,0.2175033346323398
252,0x55555555516e,ARITH,32.0,125.0,56.42,,0.0,14378.0,56.42,3.0,0.75,0.0,0.05347132384648555,0.0679022746419545,0.21784339962211002
253,0x55555555516e,ARITH,32.0,125.0,56.42,,0.0,14503.0,56.42,3.0,0.75,0.0,0.05347132384648555,0.0679022746419545,0.21784339962211002
254,0x55555555516e,ARITH,32.0,125.0,52.90928000000026,,0.0,14628.0,56.39,3.0,0.75,0.0,0.05347132384648555,0.06367707305331599,0.21678709922495037
255,0x55555555516e,ARITH,32.0,125.0,52.84927999999933,,0.0,14753.0,56.36,3.0,0.75,0.0,0.05347132384648555,0.06360486219761624,0.21676904651102546
256,0x55555555516e,ARITH,32.0,125.0,56.36,,0.0,14878.0,56.36,3.0,0.75,0.0,0.05347132384648555,0.06783006378625586,0.21782534690818536
257,0x55555555516e,ARITH,32.0,125.0,53.95952000000048,,0.0,15003.0,56.34,3.0,0.75,0.0,0.05347132384648555,0.06494105187146526,0.2171030939294877
258,0x55555555516e,ARITH,32.0,125.0,52.70928000000026,,0.0,15128.0,56.31,3.0,0.75,0.0,0.05347132384648555,0.06343637020098719,0.21672692351186817
259,0x55555555516e,ARITH,32.0,125.0,55.08975999999885,,0.0,15253.0,56.3,3.0,0.75,0.0,0.05347132384648555,0.0663013118305438,0.21744315891925733
260,0x55555555516e,ARITH,32.0,125.0,55.06976000000071,,0.0,15378.0,56.29,3.0,0.75,0.0,0.05347132384648555,0.06627724154531317,0.21743714134794967
261,0x55555555516e,ARITH,32.0,125.0,52.56927999999933,,0.0,15503.0,56.26,3.0,0.75,0.0,0.05347132384648555,0.06326787820435592,0.21668480051271038
262,0x55555555516e,ARITH,32.0,125.0,56.26,,0.0,15628.0,56.26,3.0,0.75,0.0,0.05347132384648555,0.06770971236009146,0.21779525905164426
263,0x55555555516e,ARITH,32.0,125.0,51.219040000000966,,0.0,15753.0,56.22,3.0,0.75,0.0,0.05347132384648555,0.061642845107715685,0.2162785422385503
264,0x55555555516e,ARITH,32.0,125.0,56.22,,0.0,15878.0,56.22,3.0,0.75,0.0,0.05347132384648555,0.0676615717896257,0.21778322390902782
265,0x55555555516e,ARITH,32.0,125.0,58.780480000000445,,0.0,16003.0,56.24,3.0,0.75,0.0,0.05347132384648555,0.07074314598628047,0.21855361745819152
266,0x55555555516e,ARITH,32.0,125.0,52.36927999999933,,0.0,16128.0,56.21,3.0,0.75,0.0,0.05347132384648555,0.0630271753520271,0.21662462479962816
267,0x55555555516e,ARITH,32.0,125.0,54.90976000000071,,0.0,16253.0,56.2,3.0,0.75,0.0,0.05347132384648555,0.06608467926345013,0.2173890007774839
268,0x55555555516e,ARITH,32.0,125.0,56.2,,0.0,16378.0,56.2,3.0,0.75,0.0,0.05347132384648555,0.06763750150439282,0.2177772063377196
269,0x55555555516e,ARITH,32.0,125.0,54.879759999998846,,0.0,16503.0,56.19,3.0,0.75,0.0,0.05347132384648555,0.06604857383559856,0.21737997442052104
270,0x55555555516e,ARITH,32.0,125.0,54.85976000000071,,0.0,16628.0,56.18,3.0,0.75,0.0,0.05347132384648555,0.06602450355036793,0.21737395684921337
271,0x55555555516e,ARITH,32.0,125.0,56.18,,0.0,16753.0,56.18,3.0,0.75,0.0,0.05347132384648555,0.06761343121915994,0.21777118876641138
272,0x55555555516e,ARITH,32.0,125.0,54.82975999999978,,0.0,16878.0,56.17,3.0,0.75,0.0,0.05347132384648555,0.06598839812251749,0.21736493049225075
273,0x55555555516e,ARITH,32.0,125.0,53.44951999999955,,0.0,17003.0,56.15,3.0,0.75,0.0,0.05347132384648555,0.0643272595980257,0.2169496458611278
274,0x55555555516e,ARITH,32.0,125.0,56.15,,0.0,17128.0,56.15,3.0,0.75,0.0,0.05347132384648555,0.06757732579131062,0.21776216240944904
275,0x55555555516e,ARITH,32.0,125.0,54.76976000000071,,0.0,17253.0,56.14,3.0,0.75,0.0,0.05347132384648555,0.06591618726681996,0.21734687777832637
276,0x55555555516e,ARITH,32.0,125.0,56.14,,0.0,17378.0,56.14,3.0,0.75,0.0,0.05347132384648555,0.06756529064869418,0.21775915362379494
277,0x55555555516e,ARITH,32.0,125.0,54.73975999999978,,0.0,17503.0,56.13,3.0,0.75,0.0,0.05347132384648555,0.06588008183896953,0.21733785142136378
278,0x55555555516e,ARITH,32.0,125.0,53.30951999999955,,0.0,17628.0,56.11,3.0,0.75,0.0,0.05347132384648555,0.06415876760139554,0.21690752286197026
279,0x55555555516e,ARITH,32.0,125.0,57.53024000000023,,0.0,17753.0,56.12,3.0,0.75,0.0,0.05347132384648555,0.06923846431580241,0.218177447040572
280,0x55555555516e,ARITH,32.0,125.0,60.41071999999974,,0.0,17878.0,56.15,3.0,0.75,0.0,0.05347132384648555,0.07270516307618215,0.21904412173066692
281,0x55555555516e,ARITH,32.0,125.0,54.70976000000071,,0.0,18003.0,56.14,3.0,0.75,0.0,0.05347132384648555,0.06584397641112133,0.2173288250644017
282,0x55555555516e,ARITH,32.0,125.0,54.68975999999978,,0.0,18128.0,56.13,3.0,0.75,0.0,0.05347132384648555,0.06581990612588733,0.2173228074930932
283,0x55555555516e,ARITH,32.0,125.0,57.59024000000022,,0.0,18253.0,56.14,3.0,0.75,0.0,0.05347132384648555,0.06931067517150105,0.21819549975449665
284,0x55555555516e,ARITH,32.0,125.0,56.14,,0.0,18378.0,56.14,3.0,0.75,0.0,0.05347132384648555,0.06756529064869418,0.21775915362379494
285,0x55555555516e,ARITH,32.0,125.0,54.65975999999978,,0.0,18503.0,56.13,3.0,0.75,0.0,0.05347132384648555,0.065783800698038,0.2173137811361309
286,0x55555555516e,ARITH,32.0,125.0,56.13,,0.0,18628.0,56.13,3.0,0.75,0.0,0.05347132384648555,0.06755325550607774,0.21775614483814082
287,0x55555555516e,ARITH,32.0,125.0,53.12952000000048,,0.0,18753.0,56.11,3.0,0.75,0.0,0.05347132384648555,0.06394213503430074,0.21685336472019656
288,0x55555555516e,ARITH,32.0,125.0,56.11,,0.0,18878.0,56.11,3.0,0.75,0.0,0.05347132384648555,0.06752918522084486,0.2177501272668326
289,0x55555555516e,ARITH,32.0,125.0,53.06951999999955,,0.0,19003.0,56.09,3.0,0.75,0.0,0.05347132384648555,0.06386992417860098,0.21683531200627162
290,0x55555555516e,ARITH,32.0,125.0,56.09,,0.0,19128.0,56.09,3.0,0.75,0.0,0.05347132384648555,0.067505114935612,0.21774410969552438
291,0x55555555516e,ARITH,32.0,125.0,57.63024000000022,,0.0,19253.0,56.1,3.0,0.75,0.0,0.05347132384648555,0.06935881574196681,0.2182075348971131
292,0x55555555516e,ARITH,32.0,125.0,54.54975999999978,,0.0,19378.0,56.09,3.0,0.75,0.0,0.05347132384648555,0.06565141412925717,0.21728068449393567
293,0x55555555516e,ARITH,32.0,125.0,52.96951999999956,,0.0,19503.0,56.07,3.0,0.75,0.0,0.05347132384648555,0.06374957275243659,0.21680522414973052
294,0x55555555516e,ARITH,32.0,125.0,54.499759999999775,,0.0,19628.0,56.06,3.0,0.75,0.0,0.05347132384648555,0.06559123841617495,0.21726564056566514
295,0x55555555516e,ARITH,32.0,125.0,52.89951999999956,,0.0,19753.0,56.04,3.0,0.75,0.0,0.05347132384648555,0.06366532675412151,0.21678416265015177
296,0x55555555516e,ARITH,32.0,125.0,56.04,,0.0,19878.0,56.04,3.0,0.75,0.0,0.05347132384648555,0.06744493922252978,0.21772906576725384
297,0x55555555516e,ARITH,32.0,125.0,54.43976000000164,,0.0,20003.0,56.03,3.0,0.75,0.0,0.05347132384648555,0.06551902756047856,0.21724758785174103
298,0x55555555516e,ARITH,32.0,125.0,54.419759999999776,,0.0,20128.0,56.02,3.0,0.75,0.0,0.05347132384648555,0.06549495727524345,0.21724157028043226
299,0x55555555516e,ARITH,32.0,125.0,54.39975999999977,,0.0,20253.0,56.01,3.0,0.75,0.0,0.05347132384648555,0.06547088699001055,0.21723555270912404
300,0x55555555516e,ARITH,32.0,125.0,54.37975999999978,,0.0,20378.0,56.0,3.0,0.75,0.0,0.05347132384648555,0.06544681670477769,0.21722953513781582
301,0x55555555516e,ARITH,32.0,125.0,52.71951999999956,,0.0,20503.0,55.98,3.0,0.75,0.0,0.05347132384648555,0.06344869418702559,0.2167300045083778
302,0x55555555516e,ARITH,32.0,125.0,55.98,,0.0,20628.0,55.98,3.0,0.75,0.0,0.05347132384648555,0.06737272836683114,0.21771101305332918
303,0x55555555516e,ARITH,32.0,125.0,55.98,,0.0,20753.0,55.98,3.0,0.75,0.0,0.05347132384648555,0.06737272836683114,0.21771101305332918
304,0x55555555516e,ARITH,32.0,125.0,54.30975999999978,,0.0,20878.0,55.97,3.0,0.75,0.0,0.05347132384648555,0.0653625707064626,0.21720847363823703
305,0x55555555516e,ARITH,32.0,125.0,54.28976000000164,,0.0,21003.0,55.96,3.0,0.75,0.0,0.05347132384648555,0.06533850042123196,0.2172024560669294
306,0x55555555516e,ARITH,32.0,125.0,54.26975999999978,,0.0,21128.0,55.95,3.0,0.75,0.0,0.05347132384648555,0.06531443013599685,0.2171964384956206
307,0x55555555516e,ARITH,32.0,125.0,54.249759999999775,,0.0,21253.0,55.94,3.0,0.75,0.0,0.05347132384648555,0.06529035985076397,0.21719042092431237
308,0x55555555516e,ARITH,32.0,125.0,54.22975999999978,,0.0,21378.0,55.93,3.0,0.75,0.0,0.05347132384648555,0.06526628956553109,0.21718440335300415
309,0x55555555516e,ARITH,32.0,125.0,54.209759999999775,,0.0,21503.0,55.92,3.0,0.75,0.0,0.05347132384648555,0.0652422192802982,0.21717838578169593
310,0x55555555516e,ARITH,32.0,125.0,54.18975999999978,,0.0,21628.0,55.91,3.0,0.75,0.0,0.05347132384648555,0.06521814899506533,0.2171723682103877
311,0x55555555516e,ARITH,32.0,125.0,55.91,,0.0,21753.0,55.91,3.0,0.75,0.0,0.05347132384648555,0.06728848236851606,0.2176899515537504
312,0x55555555516e,ARITH,32.0,125.0,54.15975999999978,,0.0,21878.0,55.9,3.0,0.75,0.0,0.05347132384648555,0.065182043567216,0.2171633418534254
313,0x55555555516e,ARITH,32.0,125.0,52.37952000000141,,0.0,22003.0,55.88,3.0,0.75,0.0,0.05347132384648555,0.06303949933806885,0.2166277057961386
314,0x55555555516e,ARITH,32.0,125.0,57.65023999999836,,0.0,22128.0,55.89,3.0,0.75,0.0,0.05347132384648555,0.06938288602719744,0.21821355246842075
315,0x55555555516e,ARITH,32.0,125.0,57.67024000000022,,0.0,22253.0,55.9,3.0,0.75,0.0,0.05347132384648555,0.06940695631243257,0.21821957003972953
316,0x55555555516e,ARITH,32.0,125.0,52.31952000000142,,0.0,22378.0,55.88,3.0,0.75,0.0,0.05347132384648555,0.06296728848237022,0.21660965308221394
317,0x55555555516e,ARITH,32.0,125.0,57.68023999999836,,0.0,22503.0,55.89,3.0,0.75,0.0,0.05347132384648555,0.06941899145504678,0.2182225788253831
318,0x55555555516e,ARITH,32.0,125.0,54.07976000000164,,0.0,22628.0,55.88,3.0,0.75,0.0,0.05347132384648555,0.06508576242628672,0.21713927156819307
319,0x55555555516e,ARITH,32.0,125.0,55.88,,0.0,22753.0,55.88,3.0,0.75,0.0,0.05347132384648555,0.06725237694066674,0.21768092519678808
320,0x55555555516e,ARITH,32.0,125.0,52.21951999999956,,0.0,22878.0,55.86,3.0,0.75,0.0,0.05347132384648555,0.06284693705620359,0.2165795652256723
321,0x55555555516e,ARITH,32.0,125.0,55.86,,0.0,23003.0,55.86,3.0,0.75,0.0,0.05347132384648555,0.06722830665543386,0.21767490762547986
322,0x55555555516e,ARITH,32.0,125.0,57.71023999999836,,0.0,23128.0,55.87,3.0,0.75,0.0,0.05347132384648555,0.06945509688289608,0.2182316051823454
323,0x55555555516e,ARITH,32.0,125.0,55.87,,0.0,23253.0,55.87,3.0,0.75,0.0,0.05347132384648555,0.0672403417980503,0.21767791641113396
324,0x55555555516e,ARITH,32.0,125.0,55.87,,0.0,23378.0,55.87,3.0,0.75,0.0,0.05347132384648555,0.0672403417980503,0.21767791641113396
325,0x55555555516e,ARITH,32.0,125.0,55.87,,0.0,23503.0,55.87,3.0,0.75,0.0,0.05347132384648555,0.0672403417980503,0.21767791641113396
326,0x55555555516e,ARITH,32.0,125.0,53.97976000000164,,0.0,23628.0,55.86,3.0,0.75,0.0,0.05347132384648555,0.06496541100012232,0.21710918371165197
327,0x55555555516e,ARITH,32.0,125.0,55.86,,0.0,23753.0,55.86,3.0,0.75,0.0,0.05347132384648555,0.06722830665543386,0.21767490762547986
328,0x55555555516e,ARITH,32.0,125.0,59.68048000000045,,0.0,23878.0,55.88,3.0,0.75,0.0,0.05347132384648555,0.07182630882176008,0.21882440816706142
329,0x55555555516e,ARITH,32.0,125.0,57.80023999999836,,0.0,24003.0,55.89,3.0,0.75,0.0,0.05347132384648555,0.06956341316644404,0.21825868425323242
330,0x55555555516e,ARITH,32.0,125.0,55.89,,0.0,24128.0,55.89,3.0,0.75,0.0,0.05347132384648555,0.06726441208328318,0.21768393398244218
331,0x55555555516e,ARITH,32.0,125.0,55.89,,0.0,24253.0,55.89,3.0,0.75,0.0,0.05347132384648555,0.06726441208328318,0.21768393398244218
332,0x55555555516e,ARITH,32.0,125.0,55.89,,0.0,24378.0,55.89,3.0,0.75,0.0,0.05347132384648555,0.06726441208328318,0.21768393398244218
333,0x55555555516e,ARITH,32.0,125.0,55.89,,0.0,24503.0,55.89,3.0,0.75,0.0,0.05347132384648555,0.06726441208328318,0.21768393398244218
334,0x55555555516e,ARITH,32.0,125.0,55.89,,0.0,24628.0,55.89,3.0,0.75,0.0,0.05347132384648555,0.06726441208328318,0.21768393398244218
335,0x55555555516e,ARITH,32.0,125.0,55.89,,0.0,24753.0,55.89,3.0,0.75,0.0,0.05347132384648555,0.06726441208328318,0.21768393398244218
336,0x55555555516e,ARITH,32.0,125.0,57.88024000000022,,0.0,24878.0,55.9,3.0,0.75,0.0,0.05347132384648555,0.06965969430737781,0.21828275453846585
337,0x55555555516e,ARITH,32.0,125.0,53.89975999999977,,0.0,25003.0,55.89,3.0,0.75,0.0,0.05347132384648555,0.06486912985918855,0.21708511342641854
338,0x55555555516e,ARITH,32.0,125.0,57.900240000000224,,0.0,25128.0,55.9,3.0,0.75,0.0,0.05347132384648555,0.06968376459261069,0.21828877210977407
339,0x55555555516e,ARITH,32.0,125.0,55.9,,0.0,25253.0,55.9,3.0,0.75,0.0,0.05347132384648555,0.06727644722589962,0.2176869427680963
340,0x55555555516e,ARITH,32.0,125.0,53.86975999999978,,0.0,25378.0,55.89,3.0,0.75,0.0,0.05347132384648555,0.06483302443133925,0.2170760870694562
341,0x55555555516e,ARITH,32.0,125.0,55.89,,0.0,25503.0,55.89,3.0,0.75,0.0,0.05347132384648555,0.06726441208328318,0.21768393398244218
342,0x55555555516e,ARITH,32.0,125.0,55.89,,0.0,25628.0,55.89,3.0,0.75,0.0,0.05347132384648555,0.06726441208328318,0.21768393398244218
343,0x55555555516e,ARITH,32.0,125.0,53.82976000000164,,0.0,25753.0,55.88,3.0,0.75,0.0,0.05347132384648555,0.06478488386087572,0.2170640519268403
344,0x55555555516e,ARITH,32.0,125.0,53.80975999999792,,0.0,25878.0,55.87,3.0,0.75,0.0,0.05347132384648555,0.06476081357563837,0.21705803435553098
345,0x55555555516e,ARITH,32.0,125.0,57.95024000000208,,0.0,26003.0,55.88,3.0,0.75,0.0,0.05347132384648555,0.06974394030569513,0.21830381603804516
346,0x55555555516e,ARITH,32.0,125.0,53.78975999999791,,0.0,26128.0,55.87,3.0,0.75,0.0,0.05347132384648555,0.06473674329040548,0.21705201678422276
347,0x55555555516e,ARITH,32.0,125.0,55.87,,0.0,26253.0,55.87,3.0,0.75,0.0,0.05347132384648555,0.0672403417980503,0.21767791641113396
348,0x55555555516e,ARITH,32.0,125.0,53.75976000000164,,0.0,26378.0,55.86,3.0,0.75,0.0,0.05347132384648555,0.06470063786256064,0.21704299042726155
349,0x55555555516e,ARITH,32.0,125.0,55.86,,0.0,26503.0,55.86,3.0,0.75,0.0,0.05347132384648555,0.06722830665543386,0.21767490762547986
350,0x55555555516e,ARITH,32.0,125.0,53.72975999999978,,0.0,26628.0,55.85,3.0,0.75,0.0,0.05347132384648555,0.06466453243470908,0.21703396407029865
351,0x55555555516e,ARITH,32.0,125.0,53.709759999999775,,0.0,26753.0,55.84,3.0,0.75,0.0,0.05347132384648555,0.0646404621494762,0.21702794649899043
352,0x55555555516e,ARITH,32.0,125.0,53.68975999999978,,0.0,26878.0,55.83,3.0,0.75,0.0,0.05347132384648555,0.06461639186424332,0.2170219289276822
353,0x55555555516e,ARITH,32.0,125.0,57.99024000000022,,0.0,27003.0,55.84,3.0,0.75,0.0,0.05347132384648555,0.06979208087615865,0.21831585118066105
354,0x55555555516e,ARITH,32.0,125.0,58.01024000000022,,0.0,27128.0,55.85,3.0,0.75,0.0,0.05347132384648555,0.06981615116139153,0.21832186875196927
355,0x55555555516e,ARITH,32.0,125.0,53.669759999999776,,0.0,27253.0,55.84,3.0,0.75,0.0,0.05347132384648555,0.06459232157901044,0.217015911356374
356,0x55555555516e,ARITH,32.0,125.0,53.64975999999977,,0.0,27378.0,55.83,3.0,0.75,0.0,0.05347132384648555,0.06456825129377755,0.21700989378506577
357,0x55555555516e,ARITH,32.0,125.0,55.83,,0.0,27503.0,55.83,3.0,0.75,0.0,0.05347132384648555,0.06719220122758454,0.21766588126851752
358,0x55555555516e,ARITH,32.0,125.0,53.61975999999978,,0.0,27628.0,55.82,3.0,0.75,0.0,0.05347132384648555,0.06453214586592824,0.21700086742810346
359,0x55555555516e,ARITH,32.0,125.0,58.04024000000023,,0.0,27753.0,55.83,3.0,0.75,0.0,0.05347132384648555,0.06985225658924087,0.2183308951089316
360,0x55555555516e,ARITH,32.0,125.0,53.599759999999776,,0.0,27878.0,55.82,3.0,0.75,0.0,0.05347132384648555,0.06450807558069536,0.21699484985679524
361,0x55555555516e,ARITH,32.0,125.0,55.82,,0.0,28003.0,55.82,3.0,0.75,0.0,0.05347132384648555,0.0671801660849681,0.21766287248286342
362,0x55555555516e,ARITH,32.0,125.0,53.56976000000164,,0.0,28128.0,55.81,3.0,0.75,0.0,0.05347132384648555,0.06447197015284828,0.21698582349983347
363,0x55555555516e,ARITH,32.0,125.0,55.81,,0.0,28253.0,55.81,3.0,0.75,0.0,0.05347132384648555,0.06716813094235166,0.2176598636972093
364,0x55555555516e,ARITH,32.0,125.0,53.53975999999791,,0.0,28378.0,55.8,3.0,0.75,0.0,0.05347132384648555,0.06443586472499448,0.21697679714287002
365,0x55555555516e,ARITH,32.0,125.0,55.8,,0.0,28503.0,55.8,3.0,0.75,0.0,0.05347132384648555,0.06715609579973522,0.2176568549115552
366,0x55555555516e,ARITH,32.0,125.0,55.8,,0.0,28628.0,55.8,3.0,0.75,0.0,0.05347132384648555,0.06715609579973522,0.2176568549115552
367,0x55555555516e,ARITH,32.0,125.0,55.8,,0.0,28753.0,55.8,3.0,0.75,0.0,0.05347132384648555,0.06715609579973522,0.2176568549115552
368,0x55555555516e,ARITH,32.0,125.0,55.8,,0.0,28878.0,55.8,3.0,0.75,0.0,0.05347132384648555,0.06715609579973522,0.2176568549115552
369,0x55555555516e,ARITH,32.0,125.0,53.47975999999978,,0.0,29003.0,55.79,3.0,0.75,0.0,0.05347132384648555,0.06436365386929808,0.21695874442894592
370,0x55555555516e,ARITH,32.0,125.0,55.79,,0.0,29128.0,55.79,3.0,0.75,0.0,0.05347132384648555,0.06714406065711878,0.21765384612590108
371,0x55555555516e,ARITH,32.0,125.0,53.44976000000164,,0.0,29253.0,55.78,3.0,0.75,0.0,0.05347132384648555,0.064327548441451,0.21694971807198415
372,0x55555555516e,ARITH,32.0,125.0,51.07951999999956,,0.0,29378.0,55.76,3.0,0.75,0.0,0.05347132384648555,0.06147493079792943,0.21623656366110375
373,0x55555555516e,ARITH,32.0,125.0,58.12024000000022,,0.0,29503.0,55.77,3.0,0.75,0.0,0.05347132384648555,0.06994853773017237,0.2183549653941645
374,0x55555555516e,ARITH,32.0,125.0,53.39975999999977,,0.0,29628.0,55.76,3.0,0.75,0.0,0.05347132384648555,0.06426737272836655,0.21693467414371304
375,0x55555555516e,ARITH,32.0,125.0,58.14024000000023,,0.0,29753.0,55.77,3.0,0.75,0.0,0.05347132384648555,0.06997260801540527,0.2183609829654727
376,0x55555555516e,ARITH,32.0,125.0,53.37975999999978,,0.0,29878.0,55.76,3.0,0.75,0.0,0.05347132384648555,0.06424330244313368,0.21692865657240482
377,0x55555555516e,ARITH,32.0,125.0,53.359759999999774,,0.0,30003.0,55.75,3.0,0.75,0.0,0.05347132384648555,0.06421923215790079,0.2169226390010966
378,0x55555555516e,ARITH,32.0,125.0,55.75,,0.0,30128.0,55.75,3.0,0.75,0.0,0.05347132384648555,0.06709592008665302,0.21764181098328464
379,0x55555555516e,ARITH,32.0,125.0,58.17024000000022,,0.0,30253.0,55.76,3.0,0.75,0.0,0.05347132384648555,0.07000871344325457,0.21837000932243503
380,0x55555555516e,ARITH,32.0,125.0,58.19024000000022,,0.0,30378.0,55.77,3.0,0.75,0.0,0.05347132384648555,0.07003278372848745,0.21837602689374325
381,0x55555555516e,ARITH,32.0,125.0,55.77,,0.0,30503.0,55.77,3.0,0.75,0.0,0.05347132384648555,0.06711999037188592,0.21764782855459286
382,0x55555555516e,ARITH,32.0,125.0,55.77,,0.0,30628.0,55.77,3.0,0.75,0.0,0.05347132384648555,0.06711999037188592,0.21764782855459286
383,0x55555555516e,ARITH,32.0,125.0,55.77,,0.0,30753.0,55.77,3.0,0.75,0.0,0.05347132384648555,0.06711999037188592,0.21764782855459286
384,0x55555555516e,ARITH,32.0,125.0,53.29975999999978,,0.0,30878.0,55.76,3.0,0.75,0.0,0.05347132384648555,0.06414702130220216,0.21690458628717194
385,0x55555555516e,ARITH,32.0,125.0,55.76,,0.0,31003.0,55.76,3.0,0.75,0.0,0.05347132384648555,0.06710795522926946,0.21764481976893876
386,0x55555555516e,ARITH,32.0,125.0,58.25024000000023,,0.0,31128.0,55.77,3.0,0.75,0.0,0.05347132384648555,0.0701049945841861,0.2183940796076679
387,0x55555555516e,ARITH,32.0,125.0,53.26975999999978,,0.0,31253.0,55.76,3.0,0.75,0.0,0.05347132384648555,0.06411091587435284,0.2168955599302096
388,0x55555555516e,ARITH,32.0,125.0,55.76,,0.0,31378.0,55.76,3.0,0.75,0.0,0.05347132384648555,0.06710795522926946,0.21764481976893876
389,0x55555555516e,ARITH,32.0,125.0,53.23975999999978,,0.0,31503.0,55.75,3.0,0.75,0.0,0.05347132384648555,0.06407481044650352,0.21688653357324728
390,0x55555555516e,ARITH,32.0,125.0,58.28024000000023,,0.0,31628.0,55.76,3.0,0.75,0.0,0.05347132384648555,0.07014110001203541,0.21840310596463025
391,0x55555555516e,ARITH,32.0,125.0,55.76,,0.0,31753.0,55.76,3.0,0.75,0.0,0.05347132384648555,0.06710795522926946,0.21764481976893876
392,0x55555555516e,ARITH,32.0,125.0,53.209759999999775,,0.0,31878.0,55.75,3.0,0.75,0.0,0.05347132384648555,0.0640387050186542,0.21687750721628493
393,0x55555555516e,ARITH,32.0,125.0,53.18975999999978,,0.0,32003.0,55.74,3.0,0.75,0.0,0.05347132384648555,0.06401463473342132,0.2168714896449767
394,0x55555555516e,ARITH,32.0,125.0,55.74,,0.0,32128.0,55.74,3.0,0.75,0.0,0.05347132384648555,0.06708388494403658,0.21763880219763054
395,0x55555555516e,ARITH,32.0,125.0,53.15975999999978,,0.0,32253.0,55.73,3.0,0.75,0.0,0.05347132384648555,0.063978529305572,0.2168624632880144
396,0x55555555516e,ARITH,32.0,125.0,58.32024000000023,,0.0,32378.0,55.74,3.0,0.75,0.0,0.05347132384648555,0.07018924058250119,0.2184151411072467
397,0x55555555516e,ARITH,32.0,125.0,58.34024000000022,,0.0,32503.0,55.75,3.0,0.75,0.0,0.05347132384648555,0.07021331086773405,0.2184211586785549
398,0x55555555516e,ARITH,32.0,125.0,58.36024000000023,,0.0,32628.0,55.76,3.0,0.75,0.0,0.05347132384648555,0.07023738115296695,0.21842717624986313
399,0x55555555516e,ARITH,32.0,125.0,55.76,,0.0,32753.0,55.76,3.0,0.75,0.0,0.05347132384648555,0.06710795522926946,0.21764481976893876
400,0x55555555516e,ARITH,32.0,125.0,53.12975999999978,,0.0,32878.0,55.75,3.0,0.75,0.0,0.05347132384648555,0.06394242387772268,0.21685343693105205
401,0x55555555516e,ARITH,32.0,125.0,53.109759999999774,,0.0,33003.0,55.74,3.0,0.75,0.0,0.05347132384648555,0.06391835359248979,0.21684741935974383
402,0x55555555516e,ARITH,32.0,125.0,55.74,,0.0,33128.0,55.74,3.0,0.75,0.0,0.05347132384648555,0.06708388494403658,0.21763880219763054
403,0x55555555516e,ARITH,32.0,125.0,55.74,,0.0,33253.0,55.74,3.0,0.75,0.0,0.05347132384648555,0.06708388494403658,0.21763880219763054
404,0x55555555516e,ARITH,32.0,125.0,55.74,,0.0,33378.0,55.74,3.0,0.75,0.0,0.05347132384648555,0.06708388494403658,0.21763880219763054
405,0x55555555516e,ARITH,32.0,125.0,53.05975999999978,,0.0,33503.0,55.73,3.0,0.75,0.0,0.05347132384648555,0.0638581778794076,0.2168323754314733
406,0x55555555516e,ARITH,32.0,125.0,55.73,,0.0,33628.0,55.73,3.0,0.75,0.0,0.05347132384648555,0.06707184980142014,0.21763579341197642
407,0x55555555516e,ARITH,32.0,125.0,55.73,,0.0,33753.0,55.73,3.0,0.75,0.0,0.05347132384648555,0.06707184980142014,0.21763579341197642
408,0x55555555516e,ARITH,32.0,125.0,58.44024000000022,,0.0,33878.0,55.74,3.0,0.75,0.0,0.05347132384648555,0.07033366229389845,0.218451246535096
409,0x55555555516e,ARITH,32.0,125.0,55.74,,0.0,34003.0,55.74,3.0,0.75,0.0,0.05347132384648555,0.06708388494403658,0.21763880219763054
410,0x55555555516e,ARITH,32.0,125.0,55.74,,0.0,34128.0,55.74,3.0,0.75,0.0,0.05347132384648555,0.06708388494403658,0.21763880219763054
411,0x55555555516e,ARITH,32.0,125.0,55.74,,0.0,34253.0,55.74,3.0,0.75,0.0,0.05347132384648555,0.06708388494403658,0.21763880219763054
412,0x55555555516e,ARITH,32.0,125.0,55.74,,0.0,34378.0,55.74,3.0,0.75,0.0,0.05347132384648555,0.06708388494403658,0.21763880219763054
413,0x55555555516e,ARITH,32.0,125.0,55.74,,0.0,34503.0,55.74,3.0,0.75,0.0,0.05347132384648555,0.06708388494403658,0.21763880219763054
414,0x55555555516e,ARITH,32.0,125.0,52.96975999999977,,0.0,34628.0,55.73,3.0,0.75,0.0,0.05347132384648555,0.06374986159585963,0.2168052963605863
415,0x55555555516e,ARITH,32.0,125.0,55.73,,0.0,34753.0,55.73,3.0,0.75,0.0,0.05347132384648555,0.06707184980142014,0.21763579341197642
416,0x55555555516e,ARITH,32.0,125.0,52.93975999999978,,0.0,34878.0,55.72,3.0,0.75,0.0,0.05347132384648555,0.06371375616801032,0.21679627000362398
417,0x55555555516e,ARITH,32.0,125.0,55.72,,0.0,35003.0,55.72,3.0,0.75,0.0,0.05347132384648555,0.0670598146588037,0.21763278462632232
418,0x55555555516e,ARITH,32.0,125.0,55.72,,0.0,35128.0,55.72,3.0,0.75,0.0,0.05347132384648555,0.0670598146588037,0.21763278462632232
419,0x55555555516e,ARITH,32.0,125.0,52.89976000000164,,0.0,35253.0,55.71,3.0,0.75,0.0,0.05347132384648555,0.0636656155975468,0.2167842348610081
420,0x55555555516e,ARITH,32.0,125.0,55.71,,0.0,35378.0,55.71,3.0,0.75,0.0,0.05347132384648555,0.06704777951618726,0.2176297758406682
421,0x55555555516e,ARITH,32.0,125.0,55.71,,0.0,35503.0,55.71,3.0,0.75,0.0,0.05347132384648555,0.06704777951618726,0.2176297758406682
422,0x55555555516e,ARITH,32.0,125.0,58.56023999999836,,0.0,35628.0,55.72,3.0,0.75,0.0,0.05347132384648555,0.07047808400529348,0.21848735196294478
423,0x55555555516e,ARITH,32.0,125.0,55.72,,0.0,35753.0,55.72,3.0,0.75,0.0,0.05347132384648555,0.0670598146588037,0.21763278462632232
424,0x55555555516e,ARITH,32.0,125.0,55.72,,0.0,35878.0,55.72,3.0,0.75,0.0,0.05347132384648555,0.0670598146588037,0.21763278462632232
425,0x55555555516e,ARITH,32.0,125.0,58.60024000000023,,0.0,36003.0,55.73,3.0,0.75,0.0,0.05347132384648555,0.07052622457576149,0.21849938710556177
426,0x55555555516e,ARITH,32.0,125.0,55.73,,0.0,36128.0,55.73,3.0,0.75,0.0,0.05347132384648555,0.06707184980142014,0.21763579341197642
427,0x55555555516e,ARITH,32.0,125.0,52.82975999999978,,0.0,36253.0,55.72,3.0,0.75,0.0,0.05347132384648555,0.06358136959922948,0.21676317336142875
428,0x55555555516e,ARITH,32.0,125.0,52.80976000000164,,0.0,36378.0,55.71,3.0,0.75,0.0,0.05347132384648555,0.06355729931399884,0.21675715579012111
429,0x55555555516e,ARITH,32.0,125.0,58.63023999999836,,0.0,36503.0,55.72,3.0,0.75,0.0,0.05347132384648555,0.07056233000360856,0.21850841346252353
430,0x55555555516e,ARITH,32.0,125.0,55.72,,0.0,36628.0,55.72,3.0,0.75,0.0,0.05347132384648555,0.0670598146588037,0.21763278462632232
431,0x55555555516e,ARITH,32.0,125.0,58.66024000000022,,0.0,36753.0,55.73,3.0,0.75,0.0,0.05347132384648555,0.07059843543146013,0.21851743981948643
432,0x55555555516e,ARITH,32.0,125.0,55.73,,0.0,36878.0,55.73,3.0,0.75,0.0,0.05347132384648555,0.06707184980142014,0.21763579341197642
433,0x55555555516e,ARITH,32.0,125.0,55.73,,0.0,37003.0,55.73,3.0,0.75,0.0,0.05347132384648555,0.06707184980142014,0.21763579341197642
434,0x55555555516e,ARITH,32.0,125.0,58.70024000000022,,0.0,37128.0,55.74,3.0,0.75,0.0,0.05347132384648555,0.07064657600192589,0.21852947496210287
435,0x55555555516e,ARITH,32.0,125.0,55.74,,0.0,37253.0,55.74,3.0,0.75,0.0,0.05347132384648555,0.06708388494403658,0.21763880219763054
436,0x55555555516e,ARITH,32.0,125.0,55.74,,0.0,37378.0,55.74,3.0,0.75,0.0,0.05347132384648555,0.06708388494403658,0.21763880219763054
437,0x55555555516e,ARITH,32.0,125.0,55.74,,0.0,37503.0,55.74,3.0,0.75,0.0,0.05347132384648555,0.06708388494403658,0.21763880219763054
438,0x55555555516e,ARITH,32.0,125.0,55.74000000000186,,0.0,37628.0,55.74,3.0,0.75,0.0,0.05347132384648555,0.06708388494403882,0.2176388021976311
439,0x55555555516e,ARITH,32.0,125.0,55.74,,0.0,37753.0,55.74,3.0,0.75,0.0,0.05347132384648555,0.06708388494403658,0.21763880219763054
440,0x55555555516e,ARITH,32.0,125.0,58.77023999999836,,0.0,37878.0,55.75,3.0,0.75,0.0,0.05347132384648555,0.07073082200023872,0.21855053646168107
441,0x55555555516e,ARITH,32.0,125.0,55.75,,0.0,38003.0,55.75,3.0,0.75,0.0,0.05347132384648555,0.06709592008665302,0.21764181098328464
442,0x55555555516e,ARITH,32.0,125.0,55.75,,0.0,38128.0,55.75,3.0,0.75,0.0,0.05347132384648555,0.06709592008665302,0.21764181098328464
443,0x55555555516e,ARITH,32.0,125.0,55.75,,0.0,38253.0,55.75,3.0,0.75,0.0,0.05347132384648555,0.06709592008665302,0.21764181098328464
444,0x55555555516e,ARITH,32.0,125.0,55.75,,0.0,38378.0,55.75,3.0,0.75,0.0,0.05347132384648555,0.06709592008665302,0.21764181098328464
445,0x55555555516e,ARITH,32.0,125.0,52.66976000000164,,0.0,38503.0,55.74,3.0,0.75,0.0,0.05347132384648555,0.06338880731736868,0.21671503279096355
446,0x55555555516e,ARITH,32.0,125.0,52.64975999999791,,0.0,38628.0,55.73,3.0,0.75,0.0,0.05347132384648555,0.06336473703213132,0.21670901521965422
447,0x55555555516e,ARITH,32.0,125.0,55.73,,0.0,38753.0,55.73,3.0,0.75,0.0,0.05347132384648555,0.06707184980142014,0.21763579341197642
448,0x55555555516e,ARITH,32.0,125.0,55.73,,0.0,38878.0,55.73,3.0,0.75,0.0,0.05347132384648555,0.06707184980142014,0.21763579341197642
449,0x55555555516e,ARITH,32.0,125.0,55.73,,0.0,39003.0,55.73,3.0,0.75,0.0,0.05347132384648555,0.06707184980142014,0.21763579341197642
450,0x55555555516e,ARITH,32.0,125.0,58.860240000002086,,0.0,39128.0,55.74,3.0,0.75,0.0,0.05347132384648555,0.07083913828379117,0.21857761553256919
451,0x55555555516e,ARITH,32.0,125.0,55.74,,0.0,39253.0,55.74,3.0,0.75,0.0,0.05347132384648555,0.06708388494403658,0.21763880219763054
452,0x55555555516e,ARITH,32.0,125.0,52.58975999999792,,0.0,39378.0,55.73,3.0,0.75,0.0,0.05347132384648555,0.06329252617643269,0.21669096250572956
453,0x55555555516e,ARITH,32.0,125.0,58.89024000000209,,0.0,39503.0,55.74,3.0,0.75,0.0,0.05347132384648555,0.07087524371164049,0.2185866418895315
454,0x55555555516e,ARITH,32.0,125.0,52.56975999999791,,0.0,39628.0,55.73,3.0,0.75,0.0,0.05347132384648555,0.0632684558911998,0.21668494493442134
455,0x55555555516e,ARITH,32.0,125.0,58.91024000000208,,0.0,39753.0,55.74,3.0,0.75,0.0,0.05347132384648555,0.07089931399687335,0.21859265946083972
456,0x55555555516e,ARITH,32.0,125.0,49.35951999999956,,0.0,39878.0,55.72,3.0,0.75,0.0,0.05347132384648555,0.059404886267901746,0.21571905252859683
457,0x55555555516e,ARITH,32.0,125.0,55.72,,0.0,40003.0,55.72,3.0,0.75,0.0,0.05347132384648555,0.0670598146588037,0.21763278462632232
458,0x55555555516e,ARITH,32.0,125.0,55.72,,0.0,40128.0,55.72,3.0,0.75,0.0,0.05347132384648555,0.0670598146588037,0.21763278462632232
459,0x55555555516e,ARITH,32.0,125.0,55.72,,0.0,40253.0,55.72,3.0,0.75,0.0,0.05347132384648555,0.0670598146588037,0.21763278462632232
460,0x55555555516e,ARITH,32.0,125.0,52.48975999999792,,0.0,40378.0,55.71,3.0,0.75,0.0,0.05347132384648555,0.06317217475026829,0.21666087464918846
461,0x55555555516e,ARITH,32.0,125.0,58.95024000000208,,0.0,40503.0,55.72,3.0,0.75,0.0,0.05347132384648555,0.07094745456733913,0.21860469460345616
462,0x55555555516e,ARITH,32.0,125.0,55.72,,0.0,40628.0,55.72,3.0,0.75,0.0,0.05347132384648555,0.0670598146588037,0.21763278462632232
463,0x55555555516e,ARITH,32.0,125.0,49.19951999999955,,0.0,40753.0,55.7,3.0,0.75,0.0,0.05347132384648555,0.05921232398603869,0.21567091195813107
464,0x55555555516e,ARITH,32.0,125.0,55.7,,0.0,40878.0,55.7,3.0,0.75,0.0,0.05347132384648555,0.06703574437357084,0.2176267670550141
465,0x55555555516e,ARITH,32.0,125.0,52.41975999999792,,0.0,41003.0,55.69,3.0,0.75,0.0,0.05347132384648555,0.06308792875195321,0.2166398131496097
466,0x55555555516e,ARITH,32.0,125.0,52.39976000000164,,0.0,41128.0,55.68,3.0,0.75,0.0,0.05347132384648555,0.0630638584667248,0.2166337955783026
467,0x55555555516e,ARITH,32.0,125.0,52.37976000000164,,0.0,41253.0,55.67,3.0,0.75,0.0,0.05347132384648555,0.06303978818149192,0.21662777800699437
468,0x55555555516e,ARITH,32.0,125.0,55.67,,0.0,41378.0,55.67,3.0,0.75,0.0,0.05347132384648555,0.0669996389457215,0.21761774069805176
469,0x55555555516e,ARITH,32.0,125.0,52.34975999999792,,0.0,41503.0,55.66,3.0,0.75,0.0,0.05347132384648555,0.06300368275363813,0.21661875165003092
470,0x55555555516e,ARITH,32.0,125.0,55.66,,0.0,41628.0,55.66,3.0,0.75,0.0,0.05347132384648555,0.06698760380310506,0.21761473191239766
471,0x55555555516e,ARITH,32.0,125.0,55.66,,0.0,41753.0,55.66,3.0,0.75,0.0,0.05347132384648555,0.06698760380310506,0.21761473191239766
472,0x55555555516e,ARITH,32.0,125.0,52.30975999999792,,0.0,41878.0,55.65,3.0,0.75,0.0,0.05347132384648555,0.06295554218317237,0.21660671650741448
473,0x55555555516e,ARITH,32.0,125.0,55.65,,0.0,42003.0,55.65,3.0,0.75,0.0,0.05347132384648555,0.06697556866048862,0.21761172312674354
474,0x55555555516e,ARITH,32.0,125.0,55.65,,0.0,42128.0,55.65,3.0,0.75,0.0,0.05347132384648555,0.06697556866048862,0.21761172312674354
475,0x55555555516e,ARITH,32.0,125.0,55.65,,0.0,42253.0,55.65,3.0,0.75,0.0,0.05347132384648555,0.06697556866048862,0.21761172312674354
476,0x55555555516e,ARITH,32.0,125.0,55.65,,0.0,42378.0,55.65,3.0,0.75,0.0,0.05347132384648555,0.06697556866048862,0.21761172312674354
477,0x55555555516e,ARITH,32.0,125.0,52.24976000000164,,0.0,42503.0,55.64,3.0,0.75,0.0,0.05347132384648555,0.06288333132747821,0.21658866379349095
478,0x55555555516e,ARITH,32.0,125.0,55.64,,0.0,42628.0,55.64,3.0,0.75,0.0,0.05347132384648555,0.06696353351787218,0.21760871434108944
479,0x55555555516e,ARITH,32.0,125.0,55.64,,0.0,42753.0,55.64,3.0,0.75,0.0,0.05347132384648555,0.06696353351787218,0.21760871434108944
480,0x55555555516e,ARITH,32.0,125.0,55.64,,0.0,42878.0,55.64,3.0,0.75,0.0,0.05347132384648555,0.06696353351787218,0.21760871434108944
481,0x55555555516e,ARITH,32.0,125.0,55.64,,0.0,43003.0,55.64,3.0,0.75,0.0,0.05347132384648555,0.06696353351787218,0.21760871434108944
482,0x55555555516e,ARITH,32.0,125.0,52.18976000000164,,0.0,43128.0,55.63,3.0,0.75,0.0,0.05347132384648555,0.06281112047177956,0.21657061107956627
483,0x55555555516e,ARITH,32.0,125.0,55.63,,0.0,43253.0,55.63,3.0,0.75,0.0,0.05347132384648555,0.06695149837525574,0.21760570555543532
484,0x55555555516e,ARITH,32.0,125.0,55.63,,0.0,43378.0,55.63,3.0,0.75,0.0,0.05347132384648555,0.06695149837525574,0.21760570555543532
485,0x55555555516e,ARITH,32.0,125.0,59.11023999999836,,0.0,43503.0,55.64,3.0,0.75,0.0,0.05347132384648555,0.07114001684919768,0.2186528351739208
486,0x55555555516e,ARITH,32.0,125.0,55.64,,0.0,43628.0,55.64,3.0,0.75,0.0,0.05347132384648555,0.06696353351787218,0.21760871434108944
487,0x55555555516e,ARITH,32.0,125.0,55.64,,0.0,43753.0,55.64,3.0,0.75,0.0,0.05347132384648555,0.06696353351787218,0.21760871434108944
488,0x55555555516e,ARITH,32.0,125.0,55.64,,0.0,43878.0,55.64,3.0,0.75,0.0,0.05347132384648555,0.06696353351787218,0.21760871434108944
489,0x55555555516e,ARITH,32.0,125.0,55.64,,0.0,44003.0,55.64,3.0,0.75,0.0,0.05347132384648555,0.06696353351787218,0.21760871434108944
490,0x55555555516e,ARITH,32.0,125.0,55.64,,0.0,44128.0,55.64,3.0,0.75,0.0,0.05347132384648555,0.06696353351787218,0.21760871434108944
491,0x55555555516e,ARITH,32.0,125.0,55.64,,0.0,44253.0,55.64,3.0,0.75,0.0,0.05347132384648555,0.06696353351787218,0.21760871434108944
492,0x55555555516e,ARITH,32.0,125.0,55.64,,0.0,44378.0,55.64,3.0,0.75,0.0,0.05347132384648555,0.06696353351787218,0.21760871434108944
493,0x55555555516e,ARITH,32.0,125.0,52.07976000000164,,0.0,44503.0,55.63,3.0,0.75,0.0,0.05347132384648555,0.06267873390299872,0.21653751443737107
494,0x55555555516e,ARITH,32.0,125.0,52.05975999999792,,0.0,44628.0,55.62,3.0,0.75,0.0,0.05347132384648555,0.06265466361776137,0.21653149686606174
495,0x55555555516e,ARITH,32.0,125.0,59.20024000000208,,0.0,44753.0,55.63,3.0,0.75,0.0,0.05347132384648555,0.07124833313275013,0.21867991424480893
496,0x55555555516e,ARITH,32.0,125.0,52.03975999999791,,0.0,44878.0,55.62,3.0,0.75,0.0,0.05347132384648555,0.06263059333252848,0.21652547929475352
497,0x55555555516e,ARITH,32.0,125.0,55.62,,0.0,45003.0,55.62,3.0,0.75,0.0,0.05347132384648555,0.0669394632326393,0.21760269676978122
498,0x55555555516e,ARITH,32.0,125.0,55.62,,0.0,45128.0,55.62,3.0,0.75,0.0,0.05347132384648555,0.0669394632326393,0.21760269676978122
499,0x55555555516e,ARITH,32.0,125.0,62.86048000000045,,0.0,45253.0,55.64,3.0,0.75,0.0,0.05347132384648555,0.075653484173788,0.2197812020050684
500,0x55555555516e,ARITH,32.0,125.0,55.64,,0.0,45378.0,55.64,3.0,0.75,0.0,0.05347132384648555,0.06696353351787218,0.21760871434108944
501,0x55555555516e,ARITH,32.0,125.0,55.64,,0.0,45503.0,55.64,3.0,0.75,0.0,0.05347132384648555,0.06696353351787218,0.21760871434108944
502,0x55555555516e,ARITH,32.0,125.0,55.64,,0.0,45628.0,55.64,3.0,0.75,0.0,0.05347132384648555,0.06696353351787218,0.21760871434108944
503,0x55555555516e,ARITH,32.0,125.0,55.64,,0.0,45753.0,55.64,3.0,0.75,0.0,0.05347132384648555,0.06696353351787218,0.21760871434108944
504,0x55555555516e,ARITH,32.0,125.0,55.64,,0.0,45878.0,55.64,3.0,0.75,0.0,0.05347132384648555,0.06696353351787218,0.21760871434108944
505,0x55555555516e,ARITH,32.0,125.0,55.64,,0.0,46003.0,55.64,3.0,0.75,0.0,0.05347132384648555,0.06696353351787218,0.21760871434108944
506,0x55555555516e,ARITH,32.0,125.0,55.64,,0.0,46128.0,55.64,3.0,0.75,0.0,0.05347132384648555,0.06696353351787218,0.21760871434108944
507,0x55555555516e,ARITH,32.0,125.0,55.64,,0.0,46253.0,55.64,3.0,0.75,0.0,0.05347132384648555,0.06696353351787218,0.21760871434108944
508,0x55555555516e,ARITH,32.0,125.0,55.64,,0.0,46378.0,55.64,3.0,0.75,0.0,0.05347132384648555,0.06696353351787218,0.21760871434108944
509,0x55555555516e,ARITH,32.0,125.0,55.64,,0.0,46503.0,55.64,3.0,0.75,0.0,0.05347132384648555,0.06696353351787218,0.21760871434108944
510,0x55555555516e,ARITH,32.0,125.0,55.64,,0.0,46628.0,55.64,3.0,0.75,0.0,0.05347132384648555,0.06696353351787218,0.21760871434108944
511,0x55555555516e,ARITH,32.0,125.0,55.64,,0.0,46753.0,55.64,3.0,0.75,0.0,0.05347132384648555,0.06696353351787218,0.21760871434108944
512,0x55555555516e,ARITH,32.0,125.0,59.39023999999837,,0.0,46878.0,55.65,3.0,0.75,0.0,0.05347132384648555,0.07147700084245802,0.2187370811722359
513,0x55555555516e,ARITH,32.0,125.0,55.65,,0.0,47003.0,55.65,3.0,0.75,0.0,0.05347132384648555,0.06697556866048862,0.21761172312674354
514,0x55555555516e,ARITH,32.0,125.0,55.65,,0.0,47128.0,55.65,3.0,0.75,0.0,0.05347132384648555,0.06697556866048862,0.21761172312674354
515,0x55555555516e,ARITH,32.0,125.0,59.43024000000209,,0.0,47253.0,55.66,3.0,0.75,0.0,0.05347132384648555,0.07152514141292825,0.21874911631485344
516,0x55555555516e,ARITH,32.0,125.0,48.07951999999956,,0.0,47378.0,55.64,3.0,0.75,0.0,0.05347132384648555,0.057864388012997425,0.21533392796487075
517,0x55555555516e,ARITH,32.0,125.0,59.44023999999836,,0.0,47503.0,55.65,3.0,0.75,0.0,0.05347132384648555,0.0715371765555402,0.21875212510050646
518,0x55555555516e,ARITH,32.0,125.0,55.65,,0.0,47628.0,55.65,3.0,0.75,0.0,0.05347132384648555,0.06697556866048862,0.21761172312674354
519,0x55555555516e,ARITH,32.0,125.0,55.65,,0.0,47753.0,55.65,3.0,0.75,0.0,0.05347132384648555,0.06697556866048862,0.21761172312674354
520,0x55555555516e,ARITH,32.0,125.0,51.81976000000164,,0.0,47878.0,55.64,3.0,0.75,0.0,0.05347132384648555,0.06236582019497128,0.2164592860103642
521,0x55555555516e,ARITH,32.0,125.0,55.64,,0.0,48003.0,55.64,3.0,0.75,0.0,0.05347132384648555,0.06696353351787218,0.21760871434108944
522,0x55555555516e,ARITH,32.0,125.0,55.64,,0.0,48128.0,55.64,3.0,0.75,0.0,0.05347132384648555,0.06696353351787218,0.21760871434108944
523,0x55555555516e,ARITH,32.0,125.0,59.50023999999837,,0.0,48253.0,55.65,3.0,0.75,0.0,0.05347132384648555,0.07160938741123886,0.21877017781443112
524,0x55555555516e,ARITH,32.0,125.0,55.65,,0.0,48378.0,55.65,3.0,0.75,0.0,0.05347132384648555,0.06697556866048862,0.21761172312674354
525,0x55555555516e,ARITH,32.0,125.0,55.65,,0.0,48503.0,55.65,3.0,0.75,0.0,0.05347132384648555,0.06697556866048862,0.21761172312674354
526,0x55555555516e,ARITH,32.0,125.0,55.65,,0.0,48628.0,55.65,3.0,0.75,0.0,0.05347132384648555,0.06697556866048862,0.21761172312674354
527,0x55555555516e,ARITH,32.0,125.0,55.65,,0.0,48753.0,55.65,3.0,0.75,0.0,0.05347132384648555,0.06697556866048862,0.21761172312674354
528,0x55555555516e,ARITH,32.0,125.0,55.65,,0.0,48878.0,55.65,3.0,0.75,0.0,0.05347132384648555,0.06697556866048862,0.21761172312674354
529,0x55555555516e,ARITH,32.0,125.0,55.65,,0.0,49003.0,55.65,3.0,0.75,0.0,0.05347132384648555,0.06697556866048862,0.21761172312674354
530,0x55555555516e,ARITH,32.0,125.0,59.580240000002085,,0.0,49128.0,55.66,3.0,0.75,0.0,0.05347132384648555,0.07170566855217485,0.2187942480996651
531,0x55555555516e,ARITH,32.0,125.0,51.71975999999791,,0.0,49253.0,55.65,3.0,0.75,0.0,0.05347132384648555,0.062245468768802395,0.216429198153822
532,0x55555555516e,ARITH,32.0,125.0,55.65,,0.0,49378.0,55.65,3.0,0.75,0.0,0.05347132384648555,0.06697556866048862,0.21761172312674354
533,0x55555555516e,ARITH,32.0,125.0,55.65,,0.0,49503.0,55.65,3.0,0.75,0.0,0.05347132384648555,0.06697556866048862,0.21761172312674354
534,0x55555555516e,ARITH,32.0,125.0,55.65,,0.0,49628.0,55.65,3.0,0.75,0.0,0.05347132384648555,0.06697556866048862,0.21761172312674354
535,0x55555555516e,ARITH,32.0,125.0,55.65,,0.0,49753.0,55.65,3.0,0.75,0.0,0.05347132384648555,0.06697556866048862,0.21761172312674354
536,0x55555555516e,ARITH,32.0,125.0,55.65,,0.0,49878.0,55.65,3.0,0.75,0.0,0.05347132384648555,0.06697556866048862,0.21761172312674354
537,0x55555555516e,ARITH,32.0,125.0,59.650240000002086,,0.0,50003.0,55.66,3.0,0.75,0.0,0.05347132384648555,0.07178991455048993,0.21881530959924386
538,0x55555555516e,ARITH,32.0,125.0,51.64975999999791,,0.0,50128.0,55.65,3.0,0.75,0.0,0.05347132384648555,0.062161222770487315,0.21640813665424322
539,0x55555555516e,ARITH,32.0,125.0,55.65,,0.0,50253.0,55.65,3.0,0.75,0.0,0.05347132384648555,0.06697556866048862,0.21761172312674354
540,0x55555555516e,ARITH,32.0,125.0,55.65,,0.0,50378.0,55.65,3.0,0.75,0.0,0.05347132384648555,0.06697556866048862,0.21761172312674354
541,0x55555555516e,ARITH,32.0,125.0,55.65,,0.0,50503.0,55.65,3.0,0.75,0.0,0.05347132384648555,0.06697556866048862,0.21761172312674354
542,0x55555555516e,ARITH,32.0,125.0,55.65,,0.0,50628.0,55.65,3.0,0.75,0.0,0.05347132384648555,0.06697556866048862,0.21761172312674354
543,0x55555555516e,ARITH,32.0,125.0,55.65,,0.0,50753.0,55.65,3.0,0.75,0.0,0.05347132384648555,0.06697556866048862,0.21761172312674354
544,0x55555555516e,ARITH,32.0,125.0,55.65,,0.0,50878.0,55.65,3.0,0.75,0.0,0.05347132384648555,0.06697556866048862,0.21761172312674354
545,0x55555555516e,ARITH,32.0,125.0,55.65,,0.0,51003.0,55.65,3.0,0.75,0.0,0.05347132384648555,0.06697556866048862,0.21761172312674354
546,0x55555555516e,ARITH,32.0,125.0,55.65,,0.0,51128.0,55.65,3.0,0.75,0.0,0.05347132384648555,0.06697556866048862,0.21761172312674354
547,0x55555555516e,ARITH,32.0,125.0,55.65,,0.0,51253.0,55.65,3.0,0.75,0.0,0.05347132384648555,0.06697556866048862,0.21761172312674354
548,0x55555555516e,ARITH,32.0,125.0,59.760240000002085,,0.0,51378.0,55.66,3.0,0.75,0.0,0.05347132384648555,0.07192230111927077,0.2188484062414391
549,0x55555555516e,ARITH,32.0,125.0,55.66,,0.0,51503.0,55.66,3.0,0.75,0.0,0.05347132384648555,0.06698760380310506,0.21761473191239766
550,0x55555555516e,ARITH,32.0,125.0,51.52975999999792,,0.0,51628.0,55.65,3.0,0.75,0.0,0.05347132384648555,0.06201680105909005,0.2163720312263939
551,0x55555555516e,ARITH,32.0,125.0,55.65,,0.0,51753.0,55.65,3.0,0.75,0.0,0.05347132384648555,0.06697556866048862,0.21761172312674354
552,0x55555555516e,ARITH,32.0,125.0,55.65,,0.0,51878.0,55.65,3.0,0.75,0.0,0.05347132384648555,0.06697556866048862,0.21761172312674354
553,0x55555555516e,ARITH,32.0,125.0,59.81024000000209,,0.0,52003.0,55.66,3.0,0.75,0.0,0.05347132384648555,0.07198247683235298,0.21886345016970965
554,0x55555555516e,ARITH,32.0,125.0,55.66,,0.0,52128.0,55.66,3.0,0.75,0.0,0.05347132384648555,0.06698760380310506,0.21761473191239766
555,0x55555555516e,ARITH,32.0,125.0,55.66,,0.0,52253.0,55.66,3.0,0.75,0.0,0.05347132384648555,0.06698760380310506,0.21761473191239766
556,0x55555555516e,ARITH,32.0,125.0,55.66,,0.0,52378.0,55.66,3.0,0.75,0.0,0.05347132384648555,0.06698760380310506,0.21761473191239766
557,0x55555555516e,ARITH,32.0,125.0,59.860240000002086,,0.0,52503.0,55.67,3.0,0.75,0.0,0.05347132384648555,0.07204265254543517,0.2188784940979802
558,0x55555555516e,ARITH,32.0,125.0,55.67,,0.0,52628.0,55.67,3.0,0.75,0.0,0.05347132384648555,0.0669996389457215,0.21761774069805176
559,0x55555555516e,ARITH,32.0,125.0,51.44975999999792,,0.0,52753.0,55.66,3.0,0.75,0.0,0.05347132384648555,0.06192051991815853,0.21634796094116102
560,0x55555555516e,ARITH,32.0,125.0,55.66,,0.0,52878.0,55.66,3.0,0.75,0.0,0.05347132384648555,0.06698760380310506,0.21761473191239766
561,0x55555555516e,ARITH,32.0,125.0,55.66,,0.0,53003.0,55.66,3.0,0.75,0.0,0.05347132384648555,0.06698760380310506,0.21761473191239766
562,0x55555555516e,ARITH,32.0,125.0,59.91024000000208,,0.0,53128.0,55.67,3.0,0.75,0.0,0.05347132384648555,0.07210282825851735,0.21889353802625072
563,0x55555555516e,ARITH,32.0,125.0,55.67,,0.0,53253.0,55.67,3.0,0.75,0.0,0.05347132384648555,0.0669996389457215,0.21761774069805176
564,0x55555555516e,ARITH,32.0,125.0,55.67,,0.0,53378.0,55.67,3.0,0.75,0.0,0.05347132384648555,0.0669996389457215,0.21761774069805176
565,0x55555555516e,ARITH,32.0,125.0,55.67,,0.0,53503.0,55.67,3.0,0.75,0.0,0.05347132384648555,0.0669996389457215,0.21761774069805176
566,0x55555555516e,ARITH,32.0,125.0,59.96023999999836,,0.0,53628.0,55.68,3.0,0.75,0.0,0.05347132384648555,0.07216300397159509,0.21890858195452018
567,0x55555555516e,ARITH,32.0,125.0,55.68,,0.0,53753.0,55.68,3.0,0.75,0.0,0.05347132384648555,0.06701167408833794,0.21762074948370588
568,0x55555555516e,ARITH,32.0,125.0,55.68,,0.0,53878.0,55.68,3.0,0.75,0.0,0.05347132384648555,0.06701167408833794,0.21762074948370588
569,0x55555555516e,ARITH,32.0,125.0,55.68,,0.0,54003.0,55.68,3.0,0.75,0.0,0.05347132384648555,0.06701167408833794,0.21762074948370588
570,0x55555555516e,ARITH,32.0,125.0,51.34976000000164,,0.0,54128.0,55.67,3.0,0.75,0.0,0.05347132384648555,0.0618001684919986,0.21631787308462103
571,0x55555555516e,ARITH,32.0,125.0,55.67,,0.0,54253.0,55.67,3.0,0.75,0.0,0.05347132384648555,0.0669996389457215,0.21761774069805176
572,0x55555555516e,ARITH,32.0,125.0,55.67,,0.0,54378.0,55.67,3.0,0.75,0.0,0.05347132384648555,0.0669996389457215,0.21761774069805176
573,0x55555555516e,ARITH,32.0,125.0,55.67,,0.0,54503.0,55.67,3.0,0.75,0.0,0.05347132384648555,0.0669996389457215,0.21761774069805176
574,0x55555555516e,ARITH,32.0,125.0,55.67,,0.0,54628.0,55.67,3.0,0.75,0.0,0.05347132384648555,0.0669996389457215,0.21761774069805176
575,0x55555555516e,ARITH,32.0,125.0,55.67,,0.0,54753.0,55.67,3.0,0.75,0.0,0.05347132384648555,0.0669996389457215,0.21761774069805176
576,0x55555555516e,ARITH,32.0,125.0,55.67,,0.0,54878.0,55.67,3.0,0.75,0.0,0.05347132384648555,0.0669996389457215,0.21761774069805176
577,0x55555555516e,ARITH,32.0,125.0,55.67,,0.0,55003.0,55.67,3.0,0.75,0.0,0.05347132384648555,0.0669996389457215,0.21761774069805176
578,0x55555555516e,ARITH,32.0,125.0,55.67,,0.0,55128.0,55.67,3.0,0.75,0.0,0.05347132384648555,0.0669996389457215,0.21761774069805176
579,0x55555555516e,ARITH,32.0,125.0,55.67,,0.0,55253.0,55.67,3.0,0.75,0.0,0.05347132384648555,0.0669996389457215,0.21761774069805176
580,0x55555555516e,ARITH,32.0,125.0,51.23975999999792,,0.0,55378.0,55.66,3.0,0.75,0.0,0.05347132384648555,0.06166778192321329,0.21628477644242472
581,0x55555555516e,ARITH,32.0,125.0,55.66,,0.0,55503.0,55.66,3.0,0.75,0.0,0.05347132384648555,0.06698760380310506,0.21761473191239766
582,0x55555555516e,ARITH,32.0,125.0,51.20975999999792,,0.0,55628.0,55.65,3.0,0.75,0.0,0.05347132384648555,0.06163167649536397,0.21627575008546238
583,0x55555555516e,ARITH,32.0,125.0,55.65,,0.0,55753.0,55.65,3.0,0.75,0.0,0.05347132384648555,0.06697556866048862,0.21761172312674354
584,0x55555555516e,ARITH,32.0,125.0,55.65,,0.0,55878.0,55.65,3.0,0.75,0.0,0.05347132384648555,0.06697556866048862,0.21761172312674354
585,0x55555555516e,ARITH,32.0,125.0,55.65,,0.0,56003.0,55.65,3.0,0.75,0.0,0.05347132384648555,0.06697556866048862,0.21761172312674354
586,0x55555555516e,ARITH,32.0,125.0,55.65,,0.0,56128.0,55.65,3.0,0.75,0.0,0.05347132384648555,0.06697556866048862,0.21761172312674354
587,0x55555555516e,ARITH,32.0,125.0,55.65,,0.0,56253.0,55.65,3.0,0.75,0.0,0.05347132384648555,0.06697556866048862,0.21761172312674354
588,0x55555555516e,ARITH,32.0,125.0,51.13976000000164,,0.0,56378.0,55.64,3.0,0.75,0.0,0.05347132384648555,0.06154743049705336,0.21625468858588473
589,0x55555555516e,ARITH,32.0,125.0,55.64,,0.0,56503.0,55.64,3.0,0.75,0.0,0.05347132384648555,0.06696353351787218,0.21760871434108944
590,0x55555555516e,ARITH,32.0,125.0,55.64,,0.0,56628.0,55.64,3.0,0.75,0.0,0.05347132384648555,0.06696353351787218,0.21760871434108944
591,0x55555555516e,ARITH,32.0,125.0,69.26072000000254,,0.0,56753.0,55.67,3.0,0.75,0.0,0.05347132384648555,0.08335626429173491,0.22170689703455512
592,0x55555555516e,ARITH,32.0,125.0,73.87095999999717,,0.0,56878.0,55.71,3.0,0.75,0.0,0.05347132384648555,0.08890475388133008,0.22309401943195392
593,0x55555555516e,ARITH,32.0,125.0,55.71,,0.0,57003.0,55.71,3.0,0.75,0.0,0.05347132384648555,0.06704777951618726,0.2176297758406682
594,0x55555555516e,ARITH,32.0,125.0,55.71,,0.0,57128.0,55.71,3.0,0.75,0.0,0.05347132384648555,0.06704777951618726,0.2176297758406682
595,0x55555555516e,ARITH,32.0,125.0,55.71,,0.0,57253.0,55.71,3.0,0.75,0.0,0.05347132384648555,0.06704777951618726,0.2176297758406682
596,0x55555555516e,ARITH,32.0,125.0,60.30024000000208,,0.0,57378.0,55.72,3.0,0.75,0.0,0.05347132384648555,0.07257219882055851,0.21901088066676103
597,0x55555555516e,ARITH,32.0,125.0,55.72,,0.0,57503.0,55.72,3.0,0.75,0.0,0.05347132384648555,0.0670598146588037,0.21763278462632232
598,0x55555555516e,ARITH,32.0,125.0,55.72,,0.0,57628.0,55.72,3.0,0.75,0.0,0.05347132384648555,0.0670598146588037,0.21763278462632232
599,0x55555555516e,ARITH,32.0,125.0,51.09975999999792,,0.0,57753.0,55.71,3.0,0.75,0.0,0.05347132384648555,0.06149928992658313,0.21624265344326718
600,0x55555555516e,ARITH,32.0,125.0,55.71,,0.0,57878.0,55.71,3.0,0.75,0.0,0.05347132384648555,0.06704777951618726,0.2176297758406682
601,0x55555555516e,ARITH,32.0,125.0,55.71,,0.0,58003.0,55.71,3.0,0.75,0.0,0.05347132384648555,0.06704777951618726,0.2176297758406682
602,0x55555555516e,ARITH,32.0,125.0,55.71,,0.0,58128.0,55.71,3.0,0.75,0.0,0.05347132384648555,0.06704777951618726,0.2176297758406682
603,0x55555555516e,ARITH,32.0,125.0,55.71,,0.0,58253.0,55.71,3.0,0.75,0.0,0.05347132384648555,0.06704777951618726,0.2176297758406682
604,0x55555555516e,ARITH,32.0,125.0,55.71,,0.0,58378.0,55.71,3.0,0.75,0.0,0.05347132384648555,0.06704777951618726,0.2176297758406682
605,0x55555555516e,ARITH,32.0,125.0,55.71,,0.0,58503.0,55.71,3.0,0.75,0.0,0.05347132384648555,0.06704777951618726,0.2176297758406682
606,0x55555555516e,ARITH,32.0,125.0,55.71,,0.0,58628.0,55.71,3.0,0.75,0.0,0.05347132384648555,0.06704777951618726,0.2176297758406682
607,0x55555555516e,ARITH,32.0,125.0,55.71,,0.0,58753.0,55.71,3.0,0.75,0.0,0.05347132384648555,0.06704777951618726,0.2176297758406682
608,0x55555555516e,ARITH,32.0,125.0,55.71,,0.0,58878.0,55.71,3.0,0.75,0.0,0.05347132384648555,0.06704777951618726,0.2176297758406682
609,0x55555555516e,ARITH,32.0,125.0,55.71,,0.0,59003.0,55.71,3.0,0.75,0.0,0.05347132384648555,0.06704777951618726,0.2176297758406682
610,0x55555555516e,ARITH,32.0,125.0,55.71,,0.0,59128.0,55.71,3.0,0.75,0.0,0.05347132384648555,0.06704777951618726,0.2176297758406682
611,0x55555555516e,ARITH,32.0,125.0,55.71,,0.0,59253.0,55.71,3.0,0.75,0.0,0.05347132384648555,0.06704777951618726,0.2176297758406682
612,0x55555555516e,ARITH,32.0,125.0,55.71,,0.0,59378.0,55.71,3.0,0.75,0.0,0.05347132384648555,0.06704777951618726,0.2176297758406682
613,0x55555555516e,ARITH,32.0,125.0,55.71,,0.0,59503.0,55.71,3.0,0.75,0.0,0.05347132384648555,0.06704777951618726,0.2176297758406682
614,0x55555555516e,ARITH,32.0,125.0,55.71,,0.0,59628.0,55.71,3.0,0.75,0.0,0.05347132384648555,0.06704777951618726,0.2176297758406682
615,0x55555555516e,ARITH,32.0,125.0,50.92976000000164,,0.0,59753.0,55.7,3.0,0.75,0.0,0.05347132384648555,0.061294692502108124,0.21619150408714843
616,0x55555555516e,ARITH,32.0,125.0,55.7,,0.0,59878.0,55.7,3.0,0.75,0.0,0.05347132384648555,0.06703574437357084,0.2176267670550141
617,0x55555555516e,ARITH,32.0,125.0,60.50023999999837,,0.0,60003.0,55.71,3.0,0.75,0.0,0.05347132384648555,0.07281290167288286,0.21907105637984212
618,0x55555555516e,ARITH,32.0,125.0,50.89976000000164,,0.0,60128.0,55.7,3.0,0.75,0.0,0.05347132384648555,0.061258587074258804,0.2161824777301861
619,0x55555555516e,ARITH,32.0,125.0,55.7,,0.0,60253.0,55.7,3.0,0.75,0.0,0.05347132384648555,0.06703574437357084,0.2176267670550141
620,0x55555555516e,ARITH,32.0,125.0,55.7,,0.0,60378.0,55.7,3.0,0.75,0.0,0.05347132384648555,0.06703574437357084,0.2176267670550141
621,0x55555555516e,ARITH,32.0,125.0,55.7,,0.0,60503.0,55.7,3.0,0.75,0.0,0.05347132384648555,0.06703574437357084,0.2176267670550141
622,0x55555555516e,ARITH,32.0,125.0,50.84975999999792,,0.0,60628.0,55.69,3.0,0.75,0.0,0.05347132384648555,0.06119841136117213,0.21616743380191442
623,0x55555555516e,ARITH,32.0,125.0,55.69,,0.0,60753.0,55.69,3.0,0.75,0.0,0.05347132384648555,0.06702370923095438,0.21762375826935998
624,0x55555555516e,ARITH,32.0,125.0,55.69,,0.0,60878.0,55.69,3.0,0.75,0.0,0.05347132384648555,0.06702370923095438,0.21762375826935998
625,0x55555555516e,ARITH,32.0,125.0,55.69,,0.0,61003.0,55.69,3.0,0.75,0.0,0.05347132384648555,0.06702370923095438,0.21762375826935998
626,0x55555555516e,ARITH,32.0,125.0,55.69,,0.0,61128.0,55.69,3.0,0.75,0.0,0.05347132384648555,0.06702370923095438,0.21762375826935998
627,0x55555555516e,ARITH,32.0,125.0,55.69,,0.0,61253.0,55.69,3.0,0.75,0.0,0.05347132384648555,0.06702370923095438,0.21762375826935998
628,0x55555555516e,ARITH,32.0,125.0,50.77976000000164,,0.0,61378.0,55.68,3.0,0.75,0.0,0.05347132384648555,0.06111416536286152,0.21614637230233677
629,0x55555555516e,ARITH,32.0,125.0,55.68,,0.0,61503.0,55.68,3.0,0.75,0.0,0.05347132384648555,0.06701167408833794,0.21762074948370588
630,0x55555555516e,ARITH,32.0,125.0,55.68,,0.0,61628.0,55.68,3.0,0.75,0.0,0.05347132384648555,0.06701167408833794,0.21762074948370588
631,0x55555555516e,ARITH,32.0,125.0,50.73976000000164,,0.0,61753.0,55.67,3.0,0.75,0.0,0.05347132384648555,0.06106602479239576,0.21613433715972033
632,0x55555555516e,ARITH,32.0,125.0,55.67,,0.0,61878.0,55.67,3.0,0.75,0.0,0.05347132384648555,0.0669996389457215,0.21761774069805176
633,0x55555555516e,ARITH,32.0,125.0,55.67,,0.0,62003.0,55.67,3.0,0.75,0.0,0.05347132384648555,0.0669996389457215,0.21761774069805176
634,0x55555555516e,ARITH,32.0,125.0,55.67,,0.0,62128.0,55.67,3.0,0.75,0.0,0.05347132384648555,0.0669996389457215,0.21761774069805176
635,0x55555555516e,ARITH,32.0,125.0,55.67,,0.0,62253.0,55.67,3.0,0.75,0.0,0.05347132384648555,0.0669996389457215,0.21761774069805176
636,0x55555555516e,ARITH,32.0,125.0,55.67,,0.0,62378.0,55.67,3.0,0.75,0.0,0.05347132384648555,0.0669996389457215,0.21761774069805176
637,0x55555555516e,ARITH,32.0,125.0,55.67,,0.0,62503.0,55.67,3.0,0.75,0.0,0.05347132384648555,0.0669996389457215,0.21761774069805176
638,0x55555555516e,ARITH,32.0,125.0,50.65975999999792,,0.0,62628.0,55.66,3.0,0.75,0.0,0.05347132384648555,0.06096974365145976,0.21611026687448634
639,0x55555555516e,ARITH,32.0,125.0,55.66,,0.0,62753.0,55.66,3.0,0.75,0.0,0.05347132384648555,0.06698760380310506,0.21761473191239766
640,0x55555555516e,ARITH,32.0,125.0,55.66,,0.0,62878.0,55.66,3.0,0.75,0.0,0.05347132384648555,0.06698760380310506,0.21761473191239766
641,0x55555555516e,ARITH,32.0,125.0,55.66,,0.0,63003.0,55.66,3.0,0.75,0.0,0.05347132384648555,0.06698760380310506,0.21761473191239766
642,0x55555555516e,ARITH,32.0,125.0,50.60975999999791,,0.0,63128.0,55.65,3.0,0.75,0.0,0.05347132384648555,0.060909567938377554,0.21609522294621578
643,0x55555555516e,ARITH,32.0,125.0,55.65,,0.0,63253.0,55.65,3.0,0.75,0.0,0.05347132384648555,0.06697556866048862,0.21761172312674354
644,0x55555555516e,ARITH,32.0,125.0,55.65,,0.0,63378.0,55.65,3.0,0.75,0.0,0.05347132384648555,0.06697556866048862,0.21761172312674354
645,0x55555555516e,ARITH,32.0,125.0,55.65,,0.0,63503.0,55.65,3.0,0.75,0.0,0.05347132384648555,0.06697556866048862,0.21761172312674354
646,0x55555555516e,ARITH,32.0,125.0,55.65,,0.0,63628.0,55.65,3.0,0.75,0.0,0.05347132384648555,0.06697556866048862,0.21761172312674354
647,0x55555555516e,ARITH,32.0,125.0,55.65,,0.0,63753.0,55.65,3.0,0.75,0.0,0.05347132384648555,0.06697556866048862,0.21761172312674354
648,0x55555555516e,ARITH,32.0,125.0,55.65,,0.0,63878.0,55.65,3.0,0.75,0.0,0.05347132384648555,0.06697556866048862,0.21761172312674354
649,0x55555555516e,ARITH,32.0,125.0,55.65,,0.0,64003.0,55.65,3.0,0.75,0.0,0.05347132384648555,0.06697556866048862,0.21761172312674354
650,0x55555555516e,ARITH,32.0,125.0,55.65,,0.0,64128.0,55.65,3.0,0.75,0.0,0.05347132384648555,0.06697556866048862,0.21761172312674354
651,0x55555555516e,ARITH,32.0,125.0,50.50976000000164,,0.0,64253.0,55.64,3.0,0.75,0.0,0.05347132384648555,0.06078921651221764,0.2160651350896758
652,0x55555555516e,ARITH,32.0,125.0,55.64,,0.0,64378.0,55.64,3.0,0.75,0.0,0.05347132384648555,0.06696353351787218,0.21760871434108944
653,0x55555555516e,ARITH,32.0,125.0,55.64,,0.0,64503.0,55.64,3.0,0.75,0.0,0.05347132384648555,0.06696353351787218,0.21760871434108944
654,0x55555555516e,ARITH,32.0,125.0,55.64,,0.0,64628.0,55.64,3.0,0.75,0.0,0.05347132384648555,0.06696353351787218,0.21760871434108944
655,0x55555555516e,ARITH,32.0,125.0,55.64,,0.0,64753.0,55.64,3.0,0.75,0.0,0.05347132384648555,0.06696353351787218,0.21760871434108944
656,0x55555555516e,ARITH,32.0,125.0,50.44976000000164,,0.0,64878.0,55.63,3.0,0.75,0.0,0.05347132384648555,0.060717005656519,0.21604708237575115
657,0x55555555516e,ARITH,32.0,125.0,60.83023999999836,,0.0,65003.0,55.64,3.0,0.75,0.0,0.05347132384648555,0.07321006137922537,0.21917034630642773
658,0x55555555516e,ARITH,32.0,125.0,55.64,,0.0,65128.0,55.64,3.0,0.75,0.0,0.05347132384648555,0.06696353351787218,0.21760871434108944
659,0x55555555516e,ARITH,32.0,125.0,55.64,,0.0,65253.0,55.64,3.0,0.75,0.0,0.05347132384648555,0.06696353351787218,0.21760871434108944
660,0x55555555516e,ARITH,32.0,125.0,50.40976000000164,,0.0,65378.0,55.63,3.0,0.75,0.0,0.05347132384648555,0.06066886508605324,0.2160350472331347
661,0x55555555516e,ARITH,32.0,125.0,55.63,,0.0,65503.0,55.63,3.0,0.75,0.0,0.05347132384648555,0.06695149837525574,0.21760570555543532
662,0x55555555516e,ARITH,32.0,125.0,55.63,,0.0,65628.0,55.63,3.0,0.75,0.0,0.05347132384648555,0.06695149837525574,0.21760570555543532
663,0x55555555516e,ARITH,32.0,125.0,55.63,,0.0,65753.0,55.63,3.0,0.75,0.0,0.05347132384648555,0.06695149837525574,0.21760570555543532
664,0x55555555516e,ARITH,32.0,125.0,55.63,,0.0,65878.0,55.63,3.0,0.75,0.0,0.05347132384648555,0.06695149837525574,0.21760570555543532
665,0x55555555516e,ARITH,32.0,125.0,55.63,,0.0,66003.0,55.63,3.0,0.75,0.0,0.05347132384648555,0.06695149837525574,0.21760570555543532
666,0x55555555516e,ARITH,32.0,125.0,55.63,,0.0,66128.0,55.63,3.0,0.75,0.0,0.05347132384648555,0.06695149837525574,0.21760570555543532
667,0x55555555516e,ARITH,32.0,125.0,55.63,,0.0,66253.0,55.63,3.0,0.75,0.0,0.05347132384648555,0.06695149837525574,0.21760570555543532
668,0x55555555516e,ARITH,32.0,125.0,60.94023999999836,,0.0,66378.0,55.64,3.0,0.75,0.0,0.05347132384648555,0.0733424479480062,0.21920344294862293
669,0x55555555516e,ARITH,32.0,125.0,50.31976000000164,,0.0,66503.0,55.63,3.0,0.75,0.0,0.05347132384648555,0.060560548802505276,0.2160079681622477
670,0x55555555516e,ARITH,32.0,125.0,55.63,,0.0,66628.0,55.63,3.0,0.75,0.0,0.05347132384648555,0.06695149837525574,0.21760570555543532
671,0x55555555516e,ARITH,32.0,125.0,55.63,,0.0,66753.0,55.63,3.0,0.75,0.0,0.05347132384648555,0.06695149837525574,0.21760570555543532
672,0x55555555516e,ARITH,32.0,125.0,55.63,,0.0,66878.0,55.63,3.0,0.75,0.0,0.05347132384648555,0.06695149837525574,0.21760570555543532
673,0x55555555516e,ARITH,32.0,125.0,55.63,,0.0,67003.0,55.63,3.0,0.75,0.0,0.05347132384648555,0.06695149837525574,0.21760570555543532
674,0x55555555516e,ARITH,32.0,125.0,55.63,,0.0,67128.0,55.63,3.0,0.75,0.0,0.05347132384648555,0.06695149837525574,0.21760570555543532
675,0x55555555516e,ARITH,32.0,125.0,55.63,,0.0,67253.0,55.63,3.0,0.75,0.0,0.05347132384648555,0.06695149837525574,0.21760570555543532
676,0x55555555516e,ARITH,32.0,125.0,50.23975999999792,,0.0,67378.0,55.62,3.0,0.75,0.0,0.05347132384648555,0.06046426766156929,0.21598389787701372
677,0x55555555516e,ARITH,32.0,125.0,71.82071999999881,,0.0,67503.0,55.65,3.0,0.75,0.0,0.05347132384648555,0.08643726080153907,0.22247714616200615
678,0x55555555516e,ARITH,32.0,125.0,55.65,,0.0,67628.0,55.65,3.0,0.75,0.0,0.05347132384648555,0.06697556866048862,0.21761172312674354
679,0x55555555516e,ARITH,32.0,125.0,55.65,,0.0,67753.0,55.65,3.0,0.75,0.0,0.05347132384648555,0.06697556866048862,0.21761172312674354
680,0x55555555516e,ARITH,32.0,125.0,55.65,,0.0,67878.0,55.65,3.0,0.75,0.0,0.05347132384648555,0.06697556866048862,0.21761172312674354
681,0x55555555516e,ARITH,32.0,125.0,50.20976000000164,,0.0,68003.0,55.64,3.0,0.75,0.0,0.05347132384648555,0.060428162233724436,0.2159748715200525
682,0x55555555516e,ARITH,32.0,125.0,55.64,,0.0,68128.0,55.64,3.0,0.75,0.0,0.05347132384648555,0.06696353351787218,0.21760871434108944
683,0x55555555516e,ARITH,32.0,125.0,55.64,,0.0,68253.0,55.64,3.0,0.75,0.0,0.05347132384648555,0.06696353351787218,0.21760871434108944
684,0x55555555516e,ARITH,32.0,125.0,55.64,,0.0,68378.0,55.64,3.0,0.75,0.0,0.05347132384648555,0.06696353351787218,0.21760871434108944
685,0x55555555516e,ARITH,32.0,125.0,55.64,,0.0,68503.0,55.64,3.0,0.75,0.0,0.05347132384648555,0.06696353351787218,0.21760871434108944
686,0x55555555516e,ARITH,32.0,125.0,55.64,,0.0,68628.0,55.64,3.0,0.75,0.0,0.05347132384648555,0.06696353351787218,0.21760871434108944
687,0x55555555516e,ARITH,32.0,125.0,61.14023999999837,,0.0,68753.0,55.65,3.0,0.75,0.0,0.05347132384648555,0.07358315080033502,0.21926361866170516
688,0x55555555516e,ARITH,32.0,125.0,50.13976000000164,,0.0,68878.0,55.64,3.0,0.75,0.0,0.05347132384648555,0.060343916235409356,0.21595381002047373
689,0x55555555516e,ARITH,32.0,125.0,61.16023999999836,,0.0,69003.0,55.65,3.0,0.75,0.0,0.05347132384648555,0.07360722108556789,0.21926963623301338
690,0x55555555516e,ARITH,32.0,125.0,50.11976000000164,,0.0,69128.0,55.64,3.0,0.75,0.0,0.05347132384648555,0.06031984595017648,0.2159477924491655
691,0x55555555516e,ARITH,32.0,125.0,55.64,,0.0,69253.0,55.64,3.0,0.75,0.0,0.05347132384648555,0.06696353351787218,0.21760871434108944
692,0x55555555516e,ARITH,32.0,125.0,55.64,,0.0,69378.0,55.64,3.0,0.75,0.0,0.05347132384648555,0.06696353351787218,0.21760871434108944
693,0x55555555516e,ARITH,32.0,125.0,55.64,,0.0,69503.0,55.64,3.0,0.75,0.0,0.05347132384648555,0.06696353351787218,0.21760871434108944
694,0x55555555516e,ARITH,32.0,125.0,55.64,,0.0,69628.0,55.64,3.0,0.75,0.0,0.05347132384648555,0.06696353351787218,0.21760871434108944
695,0x55555555516e,ARITH,32.0,125.0,55.64,,0.0,69753.0,55.64,3.0,0.75,0.0,0.05347132384648555,0.06696353351787218,0.21760871434108944
696,0x55555555516e,ARITH,32.0,125.0,55.64,,0.0,69878.0,55.64,3.0,0.75,0.0,0.05347132384648555,0.06696353351787218,0.21760871434108944
697,0x55555555516e,ARITH,32.0,125.0,55.64,,0.0,70003.0,55.64,3.0,0.75,0.0,0.05347132384648555,0.06696353351787218,0.21760871434108944
698,0x55555555516e,ARITH,32.0,125.0,55.64,,0.0,70128.0,55.64,3.0,0.75,0.0,0.05347132384648555,0.06696353351787218,0.21760871434108944
699,0x55555555516e,ARITH,32.0,125.0,55.64,,0.0,70253.0,55.64,3.0,0.75,0.0,0.05347132384648555,0.06696353351787218,0.21760871434108944
700,0x55555555516e,ARITH,32.0,125.0,55.64,,0.0,70378.0,55.64,3.0,0.75,0.0,0.05347132384648555,0.06696353351787218,0.21760871434108944
701,0x55555555516e,ARITH,32.0,125.0,55.64,,0.0,70503.0,55.64,3.0,0.75,0.0,0.05347132384648555,0.06696353351787218,0.21760871434108944
702,0x55555555516e,ARITH,32.0,125.0,55.64,,0.0,70628.0,55.64,3.0,0.75,0.0,0.05347132384648555,0.06696353351787218,0.21760871434108944
703,0x55555555516e,ARITH,32.0,125.0,61.30023999999836,,0.0,70753.0,55.65,3.0,0.75,0.0,0.05347132384648555,0.07377571308219805,0.2193117592321709
704,0x55555555516e,ARITH,32.0,125.0,55.65,,0.0,70878.0,55.65,3.0,0.75,0.0,0.05347132384648555,0.06697556866048862,0.21761172312674354
705,0x55555555516e,ARITH,32.0,125.0,61.330240000002085,,0.0,71003.0,55.66,3.0,0.75,0.0,0.05347132384648555,0.07381181851005185,0.21932078558913434
706,0x55555555516e,ARITH,32.0,125.0,49.96975999999791,,0.0,71128.0,55.65,3.0,0.75,0.0,0.05347132384648555,0.06013931881092539,0.21590266066435274
707,0x55555555516e,ARITH,32.0,125.0,55.65,,0.0,71253.0,55.65,3.0,0.75,0.0,0.05347132384648555,0.06697556866048862,0.21761172312674354
708,0x55555555516e,ARITH,32.0,125.0,55.65,,0.0,71378.0,55.65,3.0,0.75,0.0,0.05347132384648555,0.06697556866048862,0.21761172312674354
709,0x55555555516e,ARITH,32.0,125.0,55.65,,0.0,71503.0,55.65,3.0,0.75,0.0,0.05347132384648555,0.06697556866048862,0.21761172312674354
710,0x55555555516e,ARITH,32.0,125.0,55.65,,0.0,71628.0,55.65,3.0,0.75,0.0,0.05347132384648555,0.06697556866048862,0.21761172312674354
711,0x55555555516e,ARITH,32.0,125.0,55.65,,0.0,71753.0,55.65,3.0,0.75,0.0,0.05347132384648555,0.06697556866048862,0.21761172312674354
712,0x55555555516e,ARITH,32.0,125.0,55.65,,0.0,71878.0,55.65,3.0,0.75,0.0,0.05347132384648555,0.06697556866048862,0.21761172312674354
713,0x55555555516e,ARITH,32.0,125.0,55.65,,0.0,72003.0,55.65,3.0,0.75,0.0,0.05347132384648555,0.06697556866048862,0.21761172312674354
714,0x55555555516e,ARITH,32.0,125.0,55.65,,0.0,72128.0,55.65,3.0,0.75,0.0,0.05347132384648555,0.06697556866048862,0.21761172312674354
715,0x55555555516e,ARITH,32.0,125.0,55.65,,0.0,72253.0,55.65,3.0,0.75,0.0,0.05347132384648555,0.06697556866048862,0.21761172312674354
716,0x55555555516e,ARITH,32.0,125.0,73.02072000000253,,0.0,72378.0,55.68,3.0,0.75,0.0,0.05347132384648555,0.08788147791551634,0.22283820044050048
717,0x55555555516e,ARITH,32.0,125.0,55.68,,0.0,72503.0,55.68,3.0,0.75,0.0,0.05347132384648555,0.06701167408833794,0.21762074948370588
718,0x55555555516e,ARITH,32.0,125.0,55.68,,0.0,72628.0,55.68,3.0,0.75,0.0,0.05347132384648555,0.06701167408833794,0.21762074948370588
719,0x55555555516e,ARITH,32.0,125.0,55.68,,0.0,72753.0,55.68,3.0,0.75,0.0,0.05347132384648555,0.06701167408833794,0.21762074948370588
720,0x55555555516e,ARITH,32.0,125.0,55.68,,0.0,72878.0,55.68,3.0,0.75,0.0,0.05347132384648555,0.06701167408833794,0.21762074948370588
721,0x55555555516e,ARITH,32.0,125.0,55.68,,0.0,73003.0,55.68,3.0,0.75,0.0,0.05347132384648555,0.06701167408833794,0.21762074948370588
722,0x55555555516e,ARITH,32.0,125.0,55.68,,0.0,73128.0,55.68,3.0,0.75,0.0,0.05347132384648555,0.06701167408833794,0.21762074948370588
723,0x55555555516e,ARITH,32.0,125.0,55.68,,0.0,73253.0,55.68,3.0,0.75,0.0,0.05347132384648555,0.06701167408833794,0.21762074948370588
724,0x55555555516e,ARITH,32.0,125.0,49.80976000000164,,0.0,73378.0,55.67,3.0,0.75,0.0,0.05347132384648555,0.05994675652906684,0.2158545200938881
725,0x55555555516e,ARITH,32.0,125.0,61.55023999999836,,0.0,73503.0,55.68,3.0,0.75,0.0,0.05347132384648555,0.07407659164760905,0.21938697887352365
726,0x55555555516e,ARITH,32.0,125.0,49.78976000000164,,0.0,73628.0,55.67,3.0,0.75,0.0,0.05347132384648555,0.05992268624383396,0.2158485025225799
727,0x55555555516e,ARITH,32.0,125.0,61.57023999999837,,0.0,73753.0,55.68,3.0,0.75,0.0,0.05347132384648555,0.07410066193284194,0.21939299644483187
728,0x55555555516e,ARITH,32.0,125.0,55.68,,0.0,73878.0,55.68,3.0,0.75,0.0,0.05347132384648555,0.06701167408833794,0.21762074948370588
729,0x55555555516e,ARITH,32.0,125.0,55.68,,0.0,74003.0,55.68,3.0,0.75,0.0,0.05347132384648555,0.06701167408833794,0.21762074948370588
730,0x55555555516e,ARITH,32.0,125.0,55.68,,0.0,74128.0,55.68,3.0,0.75,0.0,0.05347132384648555,0.06701167408833794,0.21762074948370588
731,0x55555555516e,ARITH,32.0,125.0,49.73976000000164,,0.0,74253.0,55.67,3.0,0.75,0.0,0.05347132384648555,0.05986251053075176,0.21583345859430933
732,0x55555555516e,ARITH,32.0,125.0,55.67,,0.0,74378.0,55.67,3.0,0.75,0.0,0.05347132384648555,0.0669996389457215,0.21761774069805176
733,0x55555555516e,ARITH,32.0,125.0,55.67,,0.0,74503.0,55.67,3.0,0.75,0.0,0.05347132384648555,0.0669996389457215,0.21761774069805176
734,0x55555555516e,ARITH,32.0,125.0,61.64023999999837,,0.0,74628.0,55.68,3.0,0.75,0.0,0.05347132384648555,0.07418490793115702,0.21941405794441066
735,0x55555555516e,ARITH,32.0,125.0,55.68,,0.0,74753.0,55.68,3.0,0.75,0.0,0.05347132384648555,0.06701167408833794,0.21762074948370588
736,0x55555555516e,ARITH,32.0,125.0,61.67023999999836,,0.0,74878.0,55.69,3.0,0.75,0.0,0.05347132384648555,0.07422101335900633,0.21942308430137297
737,0x55555555516e,ARITH,32.0,125.0,49.68976000000164,,0.0,75003.0,55.68,3.0,0.75,0.0,0.05347132384648555,0.05980233481766956,0.2158184146660388
738,0x55555555516e,ARITH,32.0,125.0,55.68,,0.0,75128.0,55.68,3.0,0.75,0.0,0.05347132384648555,0.06701167408833794,0.21762074948370588
739,0x55555555516e,ARITH,32.0,125.0,55.68,,0.0,75253.0,55.68,3.0,0.75,0.0,0.05347132384648555,0.06701167408833794,0.21762074948370588
740,0x55555555516e,ARITH,32.0,125.0,55.68,,0.0,75378.0,55.68,3.0,0.75,0.0,0.05347132384648555,0.06701167408833794,0.21762074948370588
741,0x55555555516e,ARITH,32.0,125.0,61.72023999999463,,0.0,75503.0,55.69,3.0,0.75,0.0,0.05347132384648555,0.07428118907208404,0.2194381282296424
742,0x55555555516e,ARITH,32.0,125.0,49.63976000000537,,0.0,75628.0,55.68,3.0,0.75,0.0,0.05347132384648555,0.059742159104591845,0.21580337073776934
743,0x55555555516e,ARITH,32.0,125.0,55.68,,0.0,75753.0,55.68,3.0,0.75,0.0,0.05347132384648555,0.06701167408833794,0.21762074948370588
744,0x55555555516e,ARITH,32.0,125.0,55.68,,0.0,75878.0,55.68,3.0,0.75,0.0,0.05347132384648555,0.06701167408833794,0.21762074948370588
745,0x55555555516e,ARITH,32.0,125.0,55.68,,0.0,76003.0,55.68,3.0,0.75,0.0,0.05347132384648555,0.06701167408833794,0.21762074948370588
746,0x55555555516e,ARITH,32.0,125.0,55.68,,0.0,76128.0,55.68,3.0,0.75,0.0,0.05347132384648555,0.06701167408833794,0.21762074948370588
747,0x55555555516e,ARITH,32.0,125.0,55.68,,0.0,76253.0,55.68,3.0,0.75,0.0,0.05347132384648555,0.06701167408833794,0.21762074948370588
748,0x55555555516e,ARITH,32.0,125.0,55.68,,0.0,76378.0,55.68,3.0,0.75,0.0,0.05347132384648555,0.06701167408833794,0.21762074948370588
749,0x55555555516e,ARITH,32.0,125.0,55.68,,0.0,76503.0,55.68,3.0,0.75,0.0,0.05347132384648555,0.06701167408833794,0.21762074948370588
750,0x55555555516e,ARITH,32.0,125.0,61.81023999999464,,0.0,76628.0,55.69,3.0,0.75,0.0,0.05347132384648555,0.07438950535563202,0.2194652073005294
751,0x55555555516e,ARITH,32.0,125.0,49.54976000000536,,0.0,76753.0,55.68,3.0,0.75,0.0,0.05347132384648555,0.05963384282104387,0.21577629166688236
752,0x55555555516e,ARITH,32.0,125.0,61.83023999999464,,0.0,76878.0,55.69,3.0,0.75,0.0,0.05347132384648555,0.07441357564086488,0.21947122487183762
753,0x55555555516e,ARITH,32.0,125.0,49.52976000000537,,0.0,77003.0,55.68,3.0,0.75,0.0,0.05347132384648555,0.059609772535811005,0.21577027409557414
754,0x55555555516e,ARITH,32.0,125.0,55.68,,0.0,77128.0,55.68,3.0,0.75,0.0,0.05347132384648555,0.06701167408833794,0.21762074948370588
755,0x55555555516e,ARITH,32.0,125.0,61.86023999999463,,0.0,77253.0,55.69,3.0,0.75,0.0,0.05347132384648555,0.0744496810687142,0.21948025122879994
756,0x55555555516e,ARITH,32.0,125.0,49.49976000000537,,0.0,77378.0,55.68,3.0,0.75,0.0,0.05347132384648555,0.059573667107961685,0.2157612477386118
757,0x55555555516e,ARITH,32.0,125.0,55.68,,0.0,77503.0,55.68,3.0,0.75,0.0,0.05347132384648555,0.06701167408833794,0.21762074948370588
758,0x55555555516e,ARITH,32.0,125.0,55.68,,0.0,77628.0,55.68,3.0,0.75,0.0,0.05347132384648555,0.06701167408833794,0.21762074948370588
759,0x55555555516e,ARITH,32.0,125.0,55.68,,0.0,77753.0,55.68,3.0,0.75,0.0,0.05347132384648555,0.06701167408833794,0.21762074948370588
760,0x55555555516e,ARITH,32.0,125.0,61.91023999999464,,0.0,77878.0,55.69,3.0,0.75,0.0,0.05347132384648555,0.0745098567817964,0.2194952951570705
761,0x55555555516e,ARITH,32.0,125.0,55.69,,0.0,78003.0,55.69,3.0,0.75,0.0,0.05347132384648555,0.06702370923095438,0.21762375826935998
762,0x55555555516e,ARITH,32.0,125.0,55.69,,0.0,78128.0,55.69,3.0,0.75,0.0,0.05347132384648555,0.06702370923095438,0.21762375826935998
763,0x55555555516e,ARITH,32.0,125.0,55.69,,0.0,78253.0,55.69,3.0,0.75,0.0,0.05347132384648555,0.06702370923095438,0.21762375826935998
764,0x55555555516e,ARITH,32.0,125.0,55.69,,0.0,78378.0,55.69,3.0,0.75,0.0,0.05347132384648555,0.06702370923095438,0.21762375826935998
765,0x55555555516e,ARITH,32.0,125.0,55.69,,0.0,78503.0,55.69,3.0,0.75,0.0,0.05347132384648555,0.06702370923095438,0.21762375826935998
766,0x55555555516e,ARITH,32.0,125.0,55.69,,0.0,78628.0,55.69,3.0,0.75,0.0,0.05347132384648555,0.06702370923095438,0.21762375826935998
767,0x55555555516e,ARITH,32.0,125.0,55.69,,0.0,78753.0,55.69,3.0,0.75,0.0,0.05347132384648555,0.06702370923095438,0.21762375826935998
768,0x55555555516e,ARITH,32.0,125.0,55.69,,0.0,78878.0,55.69,3.0,0.75,0.0,0.05347132384648555,0.06702370923095438,0.21762375826935998
769,0x55555555516e,ARITH,32.0,125.0,55.69,,0.0,79003.0,55.69,3.0,0.75,0.0,0.05347132384648555,0.06702370923095438,0.21762375826935998
770,0x55555555516e,ARITH,32.0,125.0,55.69,,0.0,79128.0,55.69,3.0,0.75,0.0,0.05347132384648555,0.06702370923095438,0.21762375826935998
771,0x55555555516e,ARITH,32.0,125.0,55.69,,0.0,79253.0,55.69,3.0,0.75,0.0,0.05347132384648555,0.06702370923095438,0.21762375826935998
772,0x55555555516e,ARITH,32.0,125.0,55.69,,0.0,79378.0,55.69,3.0,0.75,0.0,0.05347132384648555,0.06702370923095438,0.21762375826935998
773,0x55555555516e,ARITH,32.0,125.0,55.69,,0.0,79503.0,55.69,3.0,0.75,0.0,0.05347132384648555,0.06702370923095438,0.21762375826935998
774,0x55555555516e,ARITH,32.0,125.0,55.69,,0.0,79628.0,55.69,3.0,0.75,0.0,0.05347132384648555,0.06702370923095438,0.21762375826935998
775,0x55555555516e,ARITH,32.0,125.0,55.69,,0.0,79753.0,55.69,3.0,0.75,0.0,0.05347132384648555,0.06702370923095438,0.21762375826935998
776,0x55555555516e,ARITH,32.0,125.0,55.69,,0.0,79878.0,55.69,3.0,0.75,0.0,0.05347132384648555,0.06702370923095438,0.21762375826935998
777,0x55555555516e,ARITH,32.0,125.0,55.69,,0.0,80003.0,55.69,3.0,0.75,0.0,0.05347132384648555,0.06702370923095438,0.21762375826935998
778,0x55555555516e,ARITH,32.0,125.0,55.69,,0.0,80128.0,55.69,3.0,0.75,0.0,0.05347132384648555,0.06702370923095438,0.21762375826935998
779,0x55555555516e,ARITH,32.0,125.0,55.69,,0.0,80253.0,55.69,3.0,0.75,0.0,0.05347132384648555,0.06702370923095438,0.21762375826935998
780,0x55555555516e,ARITH,32.0,125.0,55.69,,0.0,80378.0,55.69,3.0,0.75,0.0,0.05347132384648555,0.06702370923095438,0.21762375826935998
781,0x55555555516e,ARITH,32.0,125.0,62.130240000009536,,0.0,80503.0,55.7,3.0,0.75,0.0,0.05347132384648555,0.07477462991937601,0.2195614884414654
782,0x55555555516e,ARITH,32.0,125.0,55.7,,0.0,80628.0,55.7,3.0,0.75,0.0,0.05347132384648555,0.06703574437357084,0.2176267670550141
783,0x55555555516e,ARITH,32.0,125.0,55.7,,0.0,80753.0,55.7,3.0,0.75,0.0,0.05347132384648555,0.06703574437357084,0.2176267670550141
784,0x55555555516e,ARITH,32.0,125.0,55.7,,0.0,80878.0,55.7,3.0,0.75,0.0,0.05347132384648555,0.06703574437357084,0.2176267670550141
785,0x55555555516e,ARITH,32.0,125.0,55.7,,0.0,81003.0,55.7,3.0,0.75,0.0,0.05347132384648555,0.06703574437357084,0.2176267670550141
786,0x55555555516e,ARITH,32.0,125.0,55.7,,0.0,81128.0,55.7,3.0,0.75,0.0,0.05347132384648555,0.06703574437357084,0.2176267670550141
787,0x55555555516e,ARITH,32.0,125.0,55.7,,0.0,81253.0,55.7,3.0,0.75,0.0,0.05347132384648555,0.06703574437357084,0.2176267670550141
788,0x55555555516e,ARITH,32.0,125.0,55.7,,0.0,81378.0,55.7,3.0,0.75,0.0,0.05347132384648555,0.06703574437357084,0.2176267670550141
789,0x55555555516e,ARITH,32.0,125.0,55.7,,0.0,81503.0,55.7,3.0,0.75,0.0,0.05347132384648555,0.06703574437357084,0.2176267670550141
790,0x55555555516e,ARITH,32.0,125.0,49.16975999999046,,0.0,81628.0,55.69,3.0,0.75,0.0,0.05347132384648555,0.05917650740160123,0.2156619578120217
791,0x55555555516e,ARITH,32.0,125.0,55.69,,0.0,81753.0,55.69,3.0,0.75,0.0,0.05347132384648555,0.06702370923095438,0.21762375826935998
792,0x55555555516e,ARITH,32.0,125.0,55.69,,0.0,81878.0,55.69,3.0,0.75,0.0,0.05347132384648555,0.06702370923095438,0.21762375826935998
793,0x55555555516e,ARITH,32.0,125.0,55.69,,0.0,82003.0,55.69,3.0,0.75,0.0,0.05347132384648555,0.06702370923095438,0.21762375826935998
794,0x55555555516e,ARITH,32.0,125.0,55.69,,0.0,82128.0,55.69,3.0,0.75,0.0,0.05347132384648555,0.06702370923095438,0.21762375826935998
795,0x55555555516e,ARITH,32.0,125.0,55.69,,0.0,82253.0,55.69,3.0,0.75,0.0,0.05347132384648555,0.06702370923095438,0.21762375826935998
796,0x55555555516e,ARITH,32.0,125.0,62.280240000009535,,0.0,82378.0,55.7,3.0,0.75,0.0,0.05347132384648555,0.07495515705862262,0.21960662022627706
797,0x55555555516e,ARITH,32.0,125.0,55.7,,0.0,82503.0,55.7,3.0,0.75,0.0,0.05347132384648555,0.06703574437357084,0.2176267670550141
798,0x55555555516e,ARITH,32.0,125.0,55.7,,0.0,82628.0,55.7,3.0,0.75,0.0,0.05347132384648555,0.06703574437357084,0.2176267670550141
799,0x55555555516e,ARITH,32.0,125.0,55.7,,0.0,82753.0,55.7,3.0,0.75,0.0,0.05347132384648555,0.06703574437357084,0.2176267670550141
800,0x55555555516e,ARITH,32.0,125.0,55.7,,0.0,82878.0,55.7,3.0,0.75,0.0,0.05347132384648555,0.06703574437357084,0.2176267670550141
801,0x55555555516e,ARITH,32.0,125.0,55.7,,0.0,83003.0,55.7,3.0,0.75,0.0,0.05347132384648555,0.06703574437357084,0.2176267670550141
802,0x55555555516e,ARITH,32.0,125.0,55.7,,0.0,83128.0,55.7,3.0,0.75,0.0,0.05347132384648555,0.06703574437357084,0.2176267670550141
803,0x55555555516e,ARITH,32.0,125.0,49.03975999999047,,0.0,83253.0,55.69,3.0,0.75,0.0,0.05347132384648555,0.05902005054758752,0.21562284359851827
804,0x55555555516e,ARITH,32.0,125.0,55.69,,0.0,83378.0,55.69,3.0,0.75,0.0,0.05347132384648555,0.06702370923095438,0.21762375826935998
805,0x55555555516e,ARITH,32.0,125.0,55.69,,0.0,83503.0,55.69,3.0,0.75,0.0,0.05347132384648555,0.06702370923095438,0.21762375826935998
806,0x55555555516e,ARITH,32.0,125.0,55.69,,0.0,83628.0,55.69,3.0,0.75,0.0,0.05347132384648555,0.06702370923095438,0.21762375826935998
807,0x55555555516e,ARITH,32.0,125.0,55.69,,0.0,83753.0,55.69,3.0,0.75,0.0,0.05347132384648555,0.06702370923095438,0.21762375826935998
808,0x55555555516e,ARITH,32.0,125.0,55.69,,0.0,83878.0,55.69,3.0,0.75,0.0,0.05347132384648555,0.06702370923095438,0.21762375826935998
809,0x55555555516e,ARITH,32.0,125.0,55.69,,0.0,84003.0,55.69,3.0,0.75,0.0,0.05347132384648555,0.06702370923095438,0.21762375826935998
810,0x55555555516e,ARITH,32.0,125.0,55.69,,0.0,84128.0,55.69,3.0,0.75,0.0,0.05347132384648555,0.06702370923095438,0.21762375826935998
811,0x55555555516e,ARITH,32.0,125.0,55.69,,0.0,84253.0,55.69,3.0,0.75,0.0,0.05347132384648555,0.06702370923095438,0.21762375826935998
812,0x55555555516e,ARITH,32.0,125.0,55.69,,0.0,84378.0,55.69,3.0,0.75,0.0,0.05347132384648555,0.06702370923095438,0.21762375826935998
813,0x55555555516e,ARITH,32.0,125.0,55.69,,0.0,84503.0,55.69,3.0,0.75,0.0,0.05347132384648555,0.06702370923095438,0.21762375826935998
814,0x55555555516e,ARITH,32.0,125.0,55.69,,0.0,84628.0,55.69,3.0,0.75,0.0,0.05347132384648555,0.06702370923095438,0.21762375826935998
815,0x55555555516e,ARITH,32.0,125.0,55.69,,0.0,84753.0,55.69,3.0,0.75,0.0,0.05347132384648555,0.06702370923095438,0.21762375826935998
816,0x55555555516e,ARITH,32.0,125.0,62.48024000000954,,0.0,84878.0,55.7,3.0,0.75,0.0,0.05347132384648555,0.07519585991095142,0.21966679593935926
817,0x55555555516e,ARITH,32.0,125.0,55.7,,0.0,85003.0,55.7,3.0,0.75,0.0,0.05347132384648555,0.06703574437357084,0.2176267670550141
818,0x55555555516e,ARITH,32.0,125.0,55.7,,0.0,85128.0,55.7,3.0,0.75,0.0,0.05347132384648555,0.06703574437357084,0.2176267670550141
819,0x55555555516e,ARITH,32.0,125.0,55.7,,0.0,85253.0,55.7,3.0,0.75,0.0,0.05347132384648555,0.06703574437357084,0.2176267670550141
820,0x55555555516e,ARITH,32.0,125.0,55.7,,0.0,85378.0,55.7,3.0,0.75,0.0,0.05347132384648555,0.06703574437357084,0.2176267670550141
821,0x55555555516e,ARITH,32.0,125.0,55.7,,0.0,85503.0,55.7,3.0,0.75,0.0,0.05347132384648555,0.06703574437357084,0.2176267670550141
822,0x55555555516e,ARITH,32.0,125.0,55.7,,0.0,85628.0,55.7,3.0,0.75,0.0,0.05347132384648555,0.06703574437357084,0.2176267670550141
823,0x55555555516e,ARITH,32.0,125.0,55.7,,0.0,85753.0,55.7,3.0,0.75,0.0,0.05347132384648555,0.06703574437357084,0.2176267670550141
824,0x55555555516e,ARITH,32.0,125.0,55.7,,0.0,85878.0,55.7,3.0,0.75,0.0,0.05347132384648555,0.06703574437357084,0.2176267670550141
825,0x55555555516e,ARITH,32.0,125.0,62.58023999999464,,0.0,86003.0,55.71,3.0,0.75,0.0,0.05347132384648555,0.07531621133709789,0.21969688379589586
826,0x55555555516e,ARITH,32.0,125.0,48.81976000000537,,0.0,86128.0,55.7,3.0,0.75,0.0,0.05347132384648555,0.058755277410043764,0.21555665031413232
827,0x55555555516e,ARITH,32.0,125.0,62.60023999999464,,0.0,86253.0,55.71,3.0,0.75,0.0,0.05347132384648555,0.07534028162233078,0.21970290136720408
828,0x55555555516e,ARITH,32.0,125.0,55.71,,0.0,86378.0,55.71,3.0,0.75,0.0,0.05347132384648555,0.06704777951618726,0.2176297758406682
829,0x55555555516e,ARITH,32.0,125.0,55.71,,0.0,86503.0,55.71,3.0,0.75,0.0,0.05347132384648555,0.06704777951618726,0.2176297758406682
830,0x55555555516e,ARITH,32.0,125.0,55.71,,0.0,86628.0,55.71,3.0,0.75,0.0,0.05347132384648555,0.06704777951618726,0.2176297758406682
831,0x55555555516e,ARITH,32.0,125.0,55.71,,0.0,86753.0,55.71,3.0,0.75,0.0,0.05347132384648555,0.06704777951618726,0.2176297758406682
832,0x55555555516e,ARITH,32.0,125.0,55.71,,0.0,86878.0,55.71,3.0,0.75,0.0,0.05347132384648555,0.06704777951618726,0.2176297758406682
833,0x55555555516e,ARITH,32.0,125.0,55.71,,0.0,87003.0,55.71,3.0,0.75,0.0,0.05347132384648555,0.06704777951618726,0.2176297758406682
834,0x55555555516e,ARITH,32.0,125.0,55.71,,0.0,87128.0,55.71,3.0,0.75,0.0,0.05347132384648555,0.06704777951618726,0.2176297758406682
835,0x55555555516e,ARITH,32.0,125.0,55.71,,0.0,87253.0,55.71,3.0,0.75,0.0,0.05347132384648555,0.06704777951618726,0.2176297758406682
836,0x55555555516e,ARITH,32.0,125.0,55.71,,0.0,87378.0,55.71,3.0,0.75,0.0,0.05347132384648555,0.06704777951618726,0.2176297758406682
837,0x55555555516e,ARITH,32.0,125.0,62.71024000000209,,0.0,87503.0,55.72,3.0,0.75,0.0,0.05347132384648555,0.07547266819112057,0.21973599800940152
838,0x55555555516e,ARITH,32.0,125.0,55.72,,0.0,87628.0,55.72,3.0,0.75,0.0,0.05347132384648555,0.0670598146588037,0.21763278462632232
839,0x55555555516e,ARITH,32.0,125.0,55.72,,0.0,87753.0,55.72,3.0,0.75,0.0,0.05347132384648555,0.0670598146588037,0.21763278462632232
840,0x55555555516e,ARITH,32.0,125.0,55.72,,0.0,87878.0,55.72,3.0,0.75,0.0,0.05347132384648555,0.0670598146588037,0.21763278462632232
841,0x55555555516e,ARITH,32.0,125.0,55.72,,0.0,88003.0,55.72,3.0,0.75,0.0,0.05347132384648555,0.0670598146588037,0.21763278462632232
842,0x55555555516e,ARITH,32.0,125.0,55.72,,0.0,88128.0,55.72,3.0,0.75,0.0,0.05347132384648555,0.0670598146588037,0.21763278462632232
843,0x55555555516e,ARITH,32.0,125.0,62.78023999999464,,0.0,88253.0,55.73,3.0,0.75,0.0,0.05347132384648555,0.0755569141894267,0.21975705950897806
844,0x55555555516e,ARITH,32.0,125.0,55.73,,0.0,88378.0,55.73,3.0,0.75,0.0,0.05347132384648555,0.06707184980142014,0.21763579341197642
845,0x55555555516e,ARITH,32.0,125.0,55.73,,0.0,88503.0,55.73,3.0,0.75,0.0,0.05347132384648555,0.06707184980142014,0.21763579341197642
846,0x55555555516e,ARITH,32.0,125.0,55.73,,0.0,88628.0,55.73,3.0,0.75,0.0,0.05347132384648555,0.06707184980142014,0.21763579341197642
847,0x55555555516e,ARITH,32.0,125.0,48.62976000000536,,0.0,88753.0,55.72,3.0,0.75,0.0,0.05347132384648555,0.0585266097003314,0.21549948338670424
848,0x55555555516e,ARITH,32.0,125.0,55.72,,0.0,88878.0,55.72,3.0,0.75,0.0,0.05347132384648555,0.0670598146588037,0.21763278462632232
849,0x55555555516e,ARITH,32.0,125.0,55.72,,0.0,89003.0,55.72,3.0,0.75,0.0,0.05347132384648555,0.0670598146588037,0.21763278462632232
850,0x55555555516e,ARITH,32.0,125.0,55.72,,0.0,89128.0,55.72,3.0,0.75,0.0,0.05347132384648555,0.0670598146588037,0.21763278462632232
851,0x55555555516e,ARITH,32.0,125.0,62.86023999999463,,0.0,89253.0,55.73,3.0,0.75,0.0,0.05347132384648555,0.0756531953303582,0.21978112979421094
852,0x55555555516e,ARITH,32.0,125.0,55.73,,0.0,89378.0,55.73,3.0,0.75,0.0,0.05347132384648555,0.06707184980142014,0.21763579341197642
853,0x55555555516e,ARITH,32.0,125.0,55.73,,0.0,89503.0,55.73,3.0,0.75,0.0,0.05347132384648555,0.06707184980142014,0.21763579341197642
854,0x55555555516e,ARITH,32.0,125.0,55.73,,0.0,89628.0,55.73,3.0,0.75,0.0,0.05347132384648555,0.06707184980142014,0.21763579341197642
855,0x55555555516e,ARITH,32.0,125.0,55.73,,0.0,89753.0,55.73,3.0,0.75,0.0,0.05347132384648555,0.06707184980142014,0.21763579341197642
856,0x55555555516e,ARITH,32.0,125.0,55.73,,0.0,89878.0,55.73,3.0,0.75,0.0,0.05347132384648555,0.06707184980142014,0.21763579341197642
857,0x55555555516e,ARITH,32.0,125.0,55.73,,0.0,90003.0,55.73,3.0,0.75,0.0,0.05347132384648555,0.06707184980142014,0.21763579341197642
858,0x55555555516e,ARITH,32.0,125.0,62.940240000002085,,0.0,90128.0,55.74,3.0,0.75,0.0,0.05347132384648555,0.07574947647129869,0.21980520007944607
859,0x55555555516e,ARITH,32.0,125.0,55.74,,0.0,90253.0,55.74,3.0,0.75,0.0,0.05347132384648555,0.06708388494403658,0.21763880219763054
860,0x55555555516e,ARITH,32.0,125.0,55.74,,0.0,90378.0,55.74,3.0,0.75,0.0,0.05347132384648555,0.06708388494403658,0.21763880219763054
861,0x55555555516e,ARITH,32.0,125.0,55.74,,0.0,90503.0,55.74,3.0,0.75,0.0,0.05347132384648555,0.06708388494403658,0.21763880219763054
862,0x55555555516e,ARITH,32.0,125.0,55.74,,0.0,90628.0,55.74,3.0,0.75,0.0,0.05347132384648555,0.06708388494403658,0.21763880219763054
863,0x55555555516e,ARITH,32.0,125.0,55.74,,0.0,90753.0,55.74,3.0,0.75,0.0,0.05347132384648555,0.06708388494403658,0.21763880219763054
864,0x55555555516e,ARITH,32.0,125.0,55.74,,0.0,90878.0,55.74,3.0,0.75,0.0,0.05347132384648555,0.06708388494403658,0.21763880219763054
865,0x55555555516e,ARITH,32.0,125.0,48.45975999999792,,0.0,91003.0,55.73,3.0,0.75,0.0,0.05347132384648555,0.058322012275842966,0.21544833403058214
866,0x55555555516e,ARITH,32.0,125.0,55.73,,0.0,91128.0,55.73,3.0,0.75,0.0,0.05347132384648555,0.06707184980142014,0.21763579341197642
867,0x55555555516e,ARITH,32.0,125.0,55.73,,0.0,91253.0,55.73,3.0,0.75,0.0,0.05347132384648555,0.06707184980142014,0.21763579341197642
868,0x55555555516e,ARITH,32.0,125.0,63.040240000002086,,0.0,91378.0,55.74,3.0,0.75,0.0,0.05347132384648555,0.07586982789746309,0.21983528793598717
869,0x55555555516e,ARITH,32.0,125.0,55.74,,0.0,91503.0,55.74,3.0,0.75,0.0,0.05347132384648555,0.06708388494403658,0.21763880219763054
870,0x55555555516e,ARITH,32.0,125.0,55.74,,0.0,91628.0,55.74,3.0,0.75,0.0,0.05347132384648555,0.06708388494403658,0.21763880219763054
871,0x55555555516e,ARITH,32.0,125.0,55.74,,0.0,91753.0,55.74,3.0,0.75,0.0,0.05347132384648555,0.06708388494403658,0.21763880219763054
872,0x55555555516e,ARITH,32.0,125.0,55.74,,0.0,91878.0,55.74,3.0,0.75,0.0,0.05347132384648555,0.06708388494403658,0.21763880219763054
873,0x55555555516e,ARITH,32.0,125.0,55.74,,0.0,92003.0,55.74,3.0,0.75,0.0,0.05347132384648555,0.06708388494403658,0.21763880219763054
874,0x55555555516e,ARITH,32.0,125.0,55.74,,0.0,92128.0,55.74,3.0,0.75,0.0,0.05347132384648555,0.06708388494403658,0.21763880219763054
875,0x55555555516e,ARITH,32.0,125.0,55.74,,0.0,92253.0,55.74,3.0,0.75,0.0,0.05347132384648555,0.06708388494403658,0.21763880219763054
876,0x55555555516e,ARITH,32.0,125.0,55.74,,0.0,92378.0,55.74,3.0,0.75,0.0,0.05347132384648555,0.06708388494403658,0.21763880219763054
877,0x55555555516e,ARITH,32.0,125.0,55.74,,0.0,92503.0,55.74,3.0,0.75,0.0,0.05347132384648555,0.06708388494403658,0.21763880219763054
878,0x55555555516e,ARITH,32.0,125.0,55.74,,0.0,92628.0,55.74,3.0,0.75,0.0,0.05347132384648555,0.06708388494403658,0.21763880219763054
879,0x55555555516e,ARITH,32.0,125.0,55.74,,0.0,92753.0,55.74,3.0,0.75,0.0,0.05347132384648555,0.06708388494403658,0.21763880219763054
880,0x55555555516e,ARITH,32.0,125.0,55.74,,0.0,92878.0,55.74,3.0,0.75,0.0,0.05347132384648555,0.06708388494403658,0.21763880219763054
881,0x55555555516e,ARITH,32.0,125.0,55.74,,0.0,93003.0,55.74,3.0,0.75,0.0,0.05347132384648555,0.06708388494403658,0.21763880219763054
882,0x55555555516e,ARITH,32.0,125.0,55.74,,0.0,93128.0,55.74,3.0,0.75,0.0,0.05347132384648555,0.06708388494403658,0.21763880219763054
883,0x55555555516e,ARITH,32.0,125.0,55.74,,0.0,93253.0,55.74,3.0,0.75,0.0,0.05347132384648555,0.06708388494403658,0.21763880219763054
884,0x55555555516e,ARITH,32.0,125.0,55.74,,0.0,93378.0,55.74,3.0,0.75,0.0,0.05347132384648555,0.06708388494403658,0.21763880219763054
885,0x55555555516e,ARITH,32.0,125.0,55.74,,0.0,93503.0,55.74,3.0,0.75,0.0,0.05347132384648555,0.06708388494403658,0.21763880219763054
886,0x55555555516e,ARITH,32.0,125.0,55.74,,0.0,93628.0,55.74,3.0,0.75,0.0,0.05347132384648555,0.06708388494403658,0.21763880219763054
887,0x55555555516e,ARITH,32.0,125.0,55.74,,0.0,93753.0,55.74,3.0,0.75,0.0,0.05347132384648555,0.06708388494403658,0.21763880219763054
888,0x55555555516e,ARITH,32.0,125.0,55.74,,0.0,93878.0,55.74,3.0,0.75,0.0,0.05347132384648555,0.06708388494403658,0.21763880219763054
889,0x55555555516e,ARITH,32.0,125.0,55.74,,0.0,94003.0,55.74,3.0,0.75,0.0,0.05347132384648555,0.06708388494403658,0.21763880219763054
890,0x55555555516e,ARITH,32.0,125.0,55.74,,0.0,94128.0,55.74,3.0,0.75,0.0,0.05347132384648555,0.06708388494403658,0.21763880219763054
891,0x55555555516e,ARITH,32.0,125.0,55.74,,0.0,94253.0,55.74,3.0,0.75,0.0,0.05347132384648555,0.06708388494403658,0.21763880219763054
892,0x55555555516e,ARITH,32.0,125.0,55.74,,0.0,94378.0,55.74,3.0,0.75,0.0,0.05347132384648555,0.06708388494403658,0.21763880219763054
893,0x55555555516e,ARITH,32.0,125.0,55.74,,0.0,94503.0,55.74,3.0,0.75,0.0,0.05347132384648555,0.06708388494403658,0.21763880219763054
894,0x55555555516e,ARITH,32.0,125.0,55.74,,0.0,94628.0,55.74,3.0,0.75,0.0,0.05347132384648555,0.06708388494403658,0.21763880219763054
895,0x55555555516e,ARITH,32.0,125.0,55.74,,0.0,94753.0,55.74,3.0,0.75,0.0,0.05347132384648555,0.06708388494403658,0.21763880219763054
896,0x55555555516e,ARITH,32.0,125.0,63.330240000002085,,0.0,94878.0,55.75,3.0,0.75,0.0,0.05347132384648555,0.07621884703333985,0.21992254271995634
897,0x55555555516e,ARITH,32.0,125.0,48.14975999999791,,0.0,95003.0,55.74,3.0,0.75,0.0,0.05347132384648555,0.05794892285473331,0.21535506167530472
898,0x55555555516e,ARITH,32.0,125.0,63.35024000000209,,0.0,95128.0,55.75,3.0,0.75,0.0,0.05347132384648555,0.07624291731857273,0.21992856029126456
899,0x55555555516e,ARITH,32.0,125.0,55.75,,0.0,95253.0,55.75,3.0,0.75,0.0,0.05347132384648555,0.06709592008665302,0.21764181098328464
900,0x55555555516e,ARITH,32.0,125.0,55.75,,0.0,95378.0,55.75,3.0,0.75,0.0,0.05347132384648555,0.06709592008665302,0.21764181098328464
901,0x55555555516e,ARITH,32.0,125.0,55.75,,0.0,95503.0,55.75,3.0,0.75,0.0,0.05347132384648555,0.06709592008665302,0.21764181098328464
902,0x55555555516e,ARITH,32.0,125.0,48.09975999999792,,0.0,95628.0,55.74,3.0,0.75,0.0,0.05347132384648555,0.057888747141651126,0.21534001774703418
903,0x55555555516e,ARITH,32.0,125.0,63.400240000002086,,0.0,95753.0,55.75,3.0,0.75,0.0,0.05347132384648555,0.07630309303165493,0.21994360421953513
904,0x55555555516e,ARITH,32.0,125.0,55.75,,0.0,95878.0,55.75,3.0,0.75,0.0,0.05347132384648555,0.06709592008665302,0.21764181098328464
905,0x55555555516e,ARITH,32.0,125.0,48.06975999999791,,0.0,96003.0,55.74,3.0,0.75,0.0,0.05347132384648555,0.0578526417138018,0.21533099139007184
906,0x55555555516e,ARITH,32.0,125.0,55.74,,0.0,96128.0,55.74,3.0,0.75,0.0,0.05347132384648555,0.06708388494403658,0.21763880219763054
907,0x55555555516e,ARITH,32.0,125.0,55.74,,0.0,96253.0,55.74,3.0,0.75,0.0,0.05347132384648555,0.06708388494403658,0.21763880219763054
908,0x55555555516e,ARITH,32.0,125.0,55.74,,0.0,96378.0,55.74,3.0,0.75,0.0,0.05347132384648555,0.06708388494403658,0.21763880219763054
909,0x55555555516e,ARITH,32.0,125.0,55.74,,0.0,96503.0,55.74,3.0,0.75,0.0,0.05347132384648555,0.06708388494403658,0.21763880219763054
910,0x55555555516e,ARITH,32.0,125.0,55.74,,0.0,96628.0,55.74,3.0,0.75,0.0,0.05347132384648555,0.06708388494403658,0.21763880219763054
911,0x55555555516e,ARITH,32.0,125.0,55.74,,0.0,96753.0,55.74,3.0,0.75,0.0,0.05347132384648555,0.06708388494403658,0.21763880219763054
912,0x55555555516e,ARITH,32.0,125.0,63.49024000000209,,0.0,96878.0,55.75,3.0,0.75,0.0,0.05347132384648555,0.07641140931520289,0.2199706832904221
913,0x55555555516e,ARITH,32.0,125.0,47.98975999999792,,0.0,97003.0,55.74,3.0,0.75,0.0,0.05347132384648555,0.057756360572870286,0.21530692110483896
914,0x55555555516e,ARITH,32.0,125.0,63.510240000002085,,0.0,97128.0,55.75,3.0,0.75,0.0,0.05347132384648555,0.07643547960043577,0.21997670086173032
915,0x55555555516e,ARITH,32.0,125.0,47.96975999999791,,0.0,97253.0,55.74,3.0,0.75,0.0,0.05347132384648555,0.05773229028763739,0.21530090353353074
916,0x55555555516e,ARITH,32.0,125.0,55.74,,0.0,97378.0,55.74,3.0,0.75,0.0,0.05347132384648555,0.06708388494403658,0.21763880219763054
917,0x55555555516e,ARITH,32.0,125.0,55.74,,0.0,97503.0,55.74,3.0,0.75,0.0,0.05347132384648555,0.06708388494403658,0.21763880219763054
918,0x55555555516e,ARITH,32.0,125.0,63.55024000000208,,0.0,97628.0,55.75,3.0,0.75,0.0,0.05347132384648555,0.07648362017090152,0.21998873600434676
919,0x55555555516e,ARITH,32.0,125.0,55.75,,0.0,97753.0,55.75,3.0,0.75,0.0,0.05347132384648555,0.06709592008665302,0.21764181098328464
920,0x55555555516e,ARITH,32.0,125.0,55.75,,0.0,97878.0,55.75,3.0,0.75,0.0,0.05347132384648555,0.06709592008665302,0.21764181098328464
921,0x55555555516e,ARITH,32.0,125.0,55.75,,0.0,98003.0,55.75,3.0,0.75,0.0,0.05347132384648555,0.06709592008665302,0.21764181098328464
922,0x55555555516e,ARITH,32.0,125.0,55.75,,0.0,98128.0,55.75,3.0,0.75,0.0,0.05347132384648555,0.06709592008665302,0.21764181098328464
923,0x55555555516e,ARITH,32.0,125.0,55.75,,0.0,98253.0,55.75,3.0,0.75,0.0,0.05347132384648555,0.06709592008665302,0.21764181098328464
924,0x55555555516e,ARITH,32.0,125.0,55.75,,0.0,98378.0,55.75,3.0,0.75,0.0,0.05347132384648555,0.06709592008665302,0.21764181098328464
925,0x55555555516e,ARITH,32.0,125.0,55.75,,0.0,98503.0,55.75,3.0,0.75,0.0,0.05347132384648555,0.06709592008665302,0.21764181098328464
926,0x55555555516e,ARITH,32.0,125.0,55.75,,0.0,98628.0,55.75,3.0,0.75,0.0,0.05347132384648555,0.06709592008665302,0.21764181098328464
927,0x55555555516e,ARITH,32.0,125.0,55.75,,0.0,98753.0,55.75,3.0,0.75,0.0,0.05347132384648555,0.06709592008665302,0.21764181098328464
928,0x55555555516e,ARITH,32.0,125.0,55.75,,0.0,98878.0,55.75,3.0,0.75,0.0,0.05347132384648555,0.06709592008665302,0.21764181098328464
929,0x55555555516e,ARITH,32.0,125.0,55.75,,0.0,99003.0,55.75,3.0,0.75,0.0,0.05347132384648555,0.06709592008665302,0.21764181098328464
930,0x55555555516e,ARITH,32.0,125.0,55.75,,0.0,99128.0,55.75,3.0,0.75,0.0,0.05347132384648555,0.06709592008665302,0.21764181098328464
931,0x55555555516e,ARITH,32.0,125.0,55.75,,0.0,99253.0,55.75,3.0,0.75,0.0,0.05347132384648555,0.06709592008665302,0.21764181098328464
932,0x55555555516e,ARITH,32.0,125.0,55.75,,0.0,99378.0,55.75,3.0,0.75,0.0,0.05347132384648555,0.06709592008665302,0.21764181098328464
933,0x55555555516e,ARITH,32.0,125.0,55.75,,0.0,99503.0,55.75,3.0,0.75,0.0,0.05347132384648555,0.06709592008665302,0.21764181098328464
934,0x55555555516e,ARITH,32.0,125.0,55.75,,0.0,99628.0,55.75,3.0,0.75,0.0,0.05347132384648555,0.06709592008665302,0.21764181098328464
935,0x55555555516e,ARITH,32.0,125.0,55.75,,0.0,99753.0,55.75,3.0,0.75,0.0,0.05347132384648555,0.06709592008665302,0.21764181098328464
936,0x55555555516e,ARITH,32.0,125.0,55.75,,0.0,99878.0,55.75,3.0,0.75,0.0,0.05347132384648555,0.06709592008665302,0.21764181098328464
136,0x7fffe43476db,BRANCH,64.0,1.0,0.0,,2.0,1.0,0.0,1.0,0.25,0.3333333333333333,0.0,0.0,0.14583333333333331
937,0x7fffe4362752,LOAD,64.0,1.0,0.0,,0.0,1.0,0.0,4.0,1.0,0.3333333333333333,0.0,0.0,0.3333333333333333
940,0x7fffe4377ab1,STORE,64.0,1.0,0.0,,0.0,1.0,0.0,4.0,1.0,0.3333333333333333,0.0,0.0,0.3333333333333333
938,0x7fffe43a3a7d,STORE,128.0,117.0,62.09,LLC,0.0,117.0,62.09,4.0,1.0,1.0,0.05002156101768003,0.07472620050547599,0.531186940380789
939,0x7fffe43a6244,ARITH,64.0,1.0,0.0,,0.0,1.0,0.0,3.0,0.75,0.3333333333333333,0.0,0.0,0.2708333333333333
56,0x7ffff7fc6d1f,LOAD,64.0,42.0,134.86,DRAM,0.0,42.0,134.86,4.0,1.0,0.3333333333333333,0.01768003449762829,0.1623059333253099,0.37832982528906783
55,0x7ffff7fc6d45,BRANCH,64.0,3.0,0.0,,2.0,3.0,0.0,1.0,0.25,0.3333333333333333,0.00086244070720138,0.0,0.14604894351013367
127,0x7ffff7fc823f,BRANCH,64.0,36.0,7.11,,2.0,36.0,7.11,1.0,0.25,0.3333333333333333,0.015092712376024149,0.008556986400288843,0.15174575802741155
101,0x7ffff7fce247,OTHER,64.0,42.0,51.81,,0.0,42.0,51.81,0.0,0.0,0.3333333333333333,0.01768003449762829,0.062354073895775665,0.10334186043168432
119,0x7ffff7fce268,LOAD,64.0,70.0,56.69,L1,0.0,70.0,56.69,4.0,1.0,0.3333333333333333,0.029754204398447608,0.06822722349259838,0.3578286903060948
82,0x7ffff7fce279,OTHER,32.0,12.0,48.0,,0.0,12.0,48.0,0.0,0.0,0.0,0.00474342388960759,0.05776868455891202,0.015628027112129902
85,0x7ffff7fce306,LOAD,64.0,17.0,52.71,L1,0.0,17.0,52.71,4.0,1.0,0.3333333333333333,0.0068995256576110395,0.06343723673125526,0.35091752393054987
93,0x7ffff7fce37e,BRANCH,64.0,25.0,0.0,,2.0,25.0,0.0,1.0,0.25,0.3333333333333333,0.01034928848641656,0.0,0.14842065545493746
87,0x7ffff7fce3f9,STORE,64.0,21.0,60.95,L1,0.0,21.0,60.95,4.0,1.0,0.3333333333333333,0.0086244070720138,0.07335419424720183,0.3538279836631372
80,0x7ffff7fce408,STORE,64.0,9.0,46.22,L1,0.0,9.0,46.22,4.0,1.0,0.3333333333333333,0.0034497628288055198,0.0556264291731857,0.3481023813338311
83,0x7ffff7fce449,STORE,64.0,14.0,50.29,L1,0.0,14.0,50.29,4.0,1.0,0.3333333333333333,0.00560586459680897,0.060524732218076784,0.34986598253705475
91,0x7ffff7fce454,LOGIC,32.0,27.0,52.15,,0.0,27.0,52.15,2.0,0.5,0.0,0.01121172919361794,0.06276326874473462,0.14349374948458812
135,0x7ffff7fce491,LOAD,64.0,185.0,107.93999999999998,L1,0.0,185.0,107.94,4.0,1.0,0.3333333333333333,0.07934454506252696,0.1299073294018534,0.3856463019494284
95,0x7ffff7fce4b6,LOAD,64.0,64.0,60.0,L2,0.0,64.0,60.0,4.0,1.0,0.3333333333333333,0.027166882276843468,0.07221085569864003,0.3581777678272042
86,0x7ffff7fce4ba,LOAD,64.0,34.0,74.35,L1,0.0,34.0,74.35,4.0,1.0,0.3333333333333333,0.014230271668822769,0.08948128535323142,0.35926122258884685
97,0x7ffff7fce4eb,OTHER,64.0,71.0,54.99,,0.0,71.0,54.99,0.0,0.0,0.3333333333333333,0.030185424752048298,0.06618124924780358,0.10742500183329629
89,0x7ffff7fce4fa,OTHER,32.0,43.0,51.35,,0.0,43.0,51.35,0.0,0.0,0.0,0.01811125485122898,0.061800457335419424,0.0199779280466621
129,0x7ffff7fce505,BRANCH,64.0,167.0,30.66,,2.0,167.0,30.66,1.0,0.25,0.3333333333333333,0.07158257869771453,0.03689974726200505,0.17295391482326322
113,0x7ffff7fce50b,ARITH,64.0,60.0,54.93,,0.0,60.0,54.93,3.0,0.75,0.3333333333333333,0.02544200086244071,0.06610903839210494,0.29372109314696976
120,0x7ffff7fce512,BRANCH,64.0,73.0,54.79,,2.0,73.0,54.79,1.0,0.25,0.3333333333333333,0.031047865459249677,0.06594054639547478,0.17008043629701441
111,0x7ffff7fce523,BRANCH,64.0,114.0,54.74,,2.0,114.0,54.74,1.0,0.25,0.3333333333333333,0.048727899956877964,0.06588037068239258,0.17448540099315096
109,0x7ffff7fce533,LOAD,32.0,109.0,68.11,L1,0.0,109.0,68.11,4.0,1.0,0.0,0.04657179818887451,0.08197135636057287,0.28213578863736183
99,0x7ffff7fce6eb,BRANCH,64.0,39.0,54.97,,2.0,39.0,54.97,1.0,0.25,0.3333333333333333,0.01638637343682622,0.0661571789625707,0.16646922143318255
117,0x7ffff7fce78d,LOAD,32.0,171.0,107.98,L2,0.0,171.0,107.98,4.0,1.0,0.0,0.07330746011211729,0.12995546997231916,0.3008157325211091
126,0x7ffff7fce791,OTHER,64.0,195.0,53.99000000000001,,0.0,195.0,53.99,0.0,0.0,0.3333333333333333,0.08365674859853386,0.0649777349861596,0.12049195422950669
106,0x7ffff7fce794,LOGIC,64.0,104.0,54.77,,0.0,104.0,54.77,2.0,0.5,0.3333333333333333,0.044415696420871065,0.06591647611024191,0.23591637646611155
104,0x7ffff7fce79a,BRANCH,64.0,94.0,29.62,,2.0,94.0,29.62,1.0,0.25,0.3333333333333333,0.040103492884864166,0.03564809242989529,0.16477122966202318
131,0x7ffff7fce7c5,OTHER,64.0,82.0,53.85,,0.0,82.0,53.85,0.0,0.0,0.3333333333333333,0.03492884864165589,0.06480924298952942,0.10826785624112967
128,0x7ffff7fce7cc,STORE,64.0,78.0,59.49,L1,0.0,78.0,59.49,4.0,1.0,0.3333333333333333,0.03320396722725313,0.07159706342520158,0.359533590996447
98,0x7ffff7fcf107,LOAD,32.0,38.0,53.05,L1,0.0,38.0,53.05,4.0,1.0,0.0,0.01595515308322553,0.06384643158021422,0.26995039616586
92,0x7ffff7fcf128,LOAD,32.0,29.0,830.9,LLC,0.0,29.0,830.9,4.0,1.0,0.0,0.01207416990081932,1.0,0.5030185424752048
124,0x7ffff7fcf140,OTHER,64.0,1078.0,55.09,,0.0,1078.0,55.09,0.0,0.0,0.3333333333333333,0.46442432082794305,0.066301600673968,0.21601481370881107
94,0x7ffff7fcf140,OTHER,64.0,433.0,54.61,,0.0,433.0,54.61,0.0,0.0,0.3333333333333333,0.18628719275549807,0.06572391382837886,0.14633610997930255
118,0x7ffff7fcf143,ARITH,64.0,979.0,53.74,,0.0,979.0,53.74,3.0,0.75,0.3333333333333333,0.4217335058214748,0.06467685642074858,0.39243592389388915
107,0x7ffff7fcf147,OTHER,64.0,751.0,54.03,,0.0,751.0,54.03,0.0,0.0,0.3333333333333333,0.32341526520051744,0.06502587555662534,0.18044361852261903
81,0x7ffff7fcf147,OTHER,64.0,151.0,53.4,,0.0,151.0,53.4,0.0,0.0,0.3333333333333333,0.0646830530401035,0.06426766157178962,0.11557101198630662
100,0x7ffff7fcf14e,ARITH,64.0,578.0,54.26,,0.0,578.0,54.26,3.0,0.75,0.3333333333333333,0.2488141440275981,0.06530268383680346,0.3493625402994337
125,0x7ffff7fcf14e,ARITH,64.0,533.0,54.8019512195122,,0.0,1111.0,54.52,3.0,0.75,0.3333333333333333,0.22940922811556708,0.06595492985860175,0.3446743728268755
130,0x7ffff7fcf14e,ARITH,64.0,40.0,52.21799999999985,,0.0,1151.0,54.44,3.0,0.75,0.3333333333333333,0.01681759379042691,0.06284510771452623,0.2907490087095716
105,0x7ffff7fcf151,LOAD,32.0,694.0,54.69,L1,0.0,694.0,54.69,4.0,1.0,0.0,0.2988357050452781,0.06582019496931038,0.34116397500364715
45,0x7ffff7fcf156,BRANCH,64.0,8.0,0.0,,2.0,8.0,0.0,1.0,0.25,0.3333333333333333,0.00301854247520483,0.0,0.14658796895213452
102,0x7ffff7fcf167,LOGIC,128.0,44.0,51.63999999999999,,0.0,44.0,51.64,2.0,0.5,1.0,0.01854247520482967,0.06214947647129618,0.3951729879190315
133,0x7ffff7fcf1b3,OTHER,64.0,87.0,55.17,,0.0,87.0,55.17,0.0,0.0,0.3333333333333333,0.03708495040965933,0.0663978818148995,0.10920404138947304
77,0x7ffff7fcf1e3,LOAD,32.0,6.0,48.0,L1,0.0,6.0,48.0,4.0,1.0,0.0,0.00215610176800345,0.05776868455891202,0.26498119658172886
115,0x7ffff7fcf1fc,LOAD,32.0,64.0,53.0,L1,0.0,64.0,53.0,4.0,1.0,0.0,0.027166882276843468,0.06378625586713202,0.27273828453599386
46,0x7ffff7fcf21d,LOAD,64.0,2.0,48.0,L2,0.0,2.0,48.0,4.0,1.0,0.3333333333333333,0.00043122035360068997,0.05776868455891202,0.3478833095614615
47,0x7ffff7fcf258,LOAD,64.0,4.0,40.0,L1,0.0,4.0,40.0,4.0,1.0,0.3333333333333333,0.00129366106080207,0.04814057046576002,0.34569189121497385
108,0x7ffff7fcf27a,BRANCH,64.0,53.0,53.74,,2.0,53.0,53.74,1.0,0.25,0.3333333333333333,0.02242345838723588,0.06467685642074858,0.16760841203532945
114,0x7ffff7fcf28e,LOAD,64.0,62.0,74.84,L2,0.0,62.0,74.84,4.0,1.0,0.3333333333333333,0.02630444156964209,0.090071007341437,0.3624271955611031
60,0x7ffff7fd0425,ARITH,64.0,15.0,53.33,,0.0,15.0,53.33,3.0,0.75,0.3333333333333333,0.00603708495040966,0.06418341557347454,0.2883884584643044
58,0x7ffff7fd0694,STORE,64.0,10.0,51.2,L1,0.0,10.0,51.2,4.0,1.0,0.3333333333333333,0.00388098318240621,0.061619930196172824,0.3497085616779781
53,0x7ffff7fd0b87,STORE,64.0,1.0,0.0,,0.0,1.0,0.0,4.0,1.0,0.3333333333333333,0.0,0.0,0.3333333333333333
121,0x7ffff7fd4050,ARITH,64.0,36.0,52.44,,0.0,36.0,52.44,3.0,0.75,0.3333333333333333,0.015092712376024149,0.06311228788061138,0.2903845833974922
122,0x7ffff7fd4096,STORE,64.0,33.0,97.94,L2,0.0,33.0,97.94,4.0,1.0,0.3333333333333333,0.013799051315222079,0.1178721867854134,0.3662511428584922
67,0x7ffff7fd4318,LOAD,64.0,442.0,57.48,DRAM,0.0,442.0,57.48,4.0,1.0,0.3333333333333333,0.19016817593790428,0.06917799975929714,0.3981698772576337
66,0x7ffff7fd431c,LOAD,32.0,365.0,57.07,L1,0.0,365.0,57.07,4.0,1.0,0.0,0.15696420871065114,0.0686845589120231,0.30641219190566854
65,0x7ffff7fd4321,ARITH,64.0,288.0,55.0,,0.0,288.0,55.0,3.0,0.75,0.3333333333333333,0.12376024148339802,0.06619328439042002,0.31832171480178784
64,0x7ffff7fd4324,ARITH,64.0,211.0,54.75,,0.0,211.0,54.75,3.0,0.75,0.3333333333333333,0.0905562742561449,0.06589240582500902,0.3099455033536218
63,0x7ffff7fd4328,BRANCH,64.0,134.0,54.93,,2.0,134.0,54.93,1.0,0.25,0.3333333333333333,0.05735230702889176,0.06610903839210494,0.17669866968858247
76,0x7ffff7fd4328,BRANCH,64.0,1000.0,55.1001,,2.0,1134.0,55.08,1.0,0.25,0.3333333333333333,0.43078913324708923,0.06631375616801059,0.27010905568710825
62,0x7ffff7fd432a,ARITH,64.0,57.0,54.46000000000001,,0.0,57.0,54.46,3.0,0.75,0.3333333333333333,0.02414833980163864,0.06554338668913227,0.293256264956026
75,0x7ffff7fd432a,ARITH,64.0,1000.0,55.32674,,0.0,1057.0,55.28,3.0,0.75,0.3333333333333333,0.43078913324708923,0.06658652064026958,0.395177246805173
74,0x7ffff7fd432e,BRANCH,64.0,980.0,54.76,,2.0,980.0,54.76,1.0,0.25,0.3333333333333333,0.42216472617507544,0.06590444096762546,0.26785062511900853
73,0x7ffff7fd4334,LOAD,64.0,903.0,56.95000000000001,L1,0.0,903.0,56.95,4.0,1.0,0.3333333333333333,0.38896075894782234,0.06854013720062584,0.44770855737044535
72,0x7ffff7fd4339,ARITH,64.0,826.0,54.28,,0.0,826.0,54.28,3.0,0.75,0.3333333333333333,0.3557567917205692,0.06532675412203634,0.37610421979398473
71,0x7ffff7fd433d,ARITH,64.0,749.0,54.26,,0.0,749.0,54.26,3.0,0.75,0.3333333333333333,0.32255282449331607,0.06530268383680346,0.36779721041586316
70,0x7ffff7fd4340,STORE,64.0,672.0,93.95,DRAM,0.0,672.0,93.95,4.0,1.0,0.3333333333333333,0.28934885726606296,0.11307016488145384,0.4339380888702125
69,0x7ffff7fd4343,ARITH,64.0,595.0,55.720000000000006,,0.0,595.0,55.72,3.0,0.75,0.3333333333333333,0.2561448900388098,0.06705981465880372,0.3516345095077367
68,0x7ffff7fd4346,BRANCH,64.0,518.0,0.0,,2.0,518.0,0.0,1.0,0.25,0.3333333333333333,0.22294092281155672,0.0,0.2015685640362225
110,0x7ffff7fd43ca,OTHER,64.0,70.0,53.94,,0.0,70.0,53.94,0.0,0.0,0.3333333333333333,0.029754204398447608,0.06491755927307738,0.10700127425121458
112,0x7ffff7fd441b,LOGIC,64.0,74.0,55.35,,0.0,74.0,55.35,2.0,0.5,0.3333333333333333,0.03147908581285037,0.06661451438199542,0.23285673338204477
96,0x7ffff7fd4443,BRANCH,64.0,31.0,53.68,,2.0,31.0,53.68,1.0,0.25,0.3333333333333333,0.0129366106080207,0.06460464556504994,0.16521864737660097
116,0x7ffff7fd445a,ARITH,64.0,64.0,53.5,,0.0,64.0,53.5,3.0,0.75,0.3333333333333333,0.027166882276843468,0.06438801299795402,0.29372205715203265
84,0x7ffff7fd449a,LOGIC,64.0,11.0,55.27,,0.0,11.0,55.27,2.0,0.5,0.3333333333333333,0.0043122035360069,0.06651823324106391,0.226040942527601
88,0x7ffff7fd450c,LOAD,64.0,17.0,62.12,L2,0.0,17.0,62.12,4.0,1.0,0.3333333333333333,0.0068995256576110395,0.07476230593332531,0.3537487912310674
90,0x7ffff7fd4511,LOGIC,64.0,20.0,57.6,,0.0,20.0,57.6,2.0,0.5,0.3333333333333333,0.00819318671841311,0.06932242147069442,0.2277122353806102
79,0x7ffff7fd451a,ARITH,64.0,18.0,55.11,,0.0,18.0,55.11,3.0,0.75,0.3333333333333333,0.007330746011211729,0.06632567095920086,0.28924743757593646
103,0x7ffff7fd4552,BRANCH,64.0,58.0,55.72,,2.0,58.0,55.72,1.0,0.25,0.3333333333333333,0.02457956015523933,0.0670598146588037,0.16874317703684408
132,0x7ffff7fd473f,BRANCH,64.0,2.0,0.0,,2.0,2.0,0.0,1.0,0.25,0.3333333333333333,0.00043122035360068997,0.0,0.14594113842173348
78,0x7ffff7fd48c8,LOAD,64.0,10.0,48.0,L2,0.0,10.0,48.0,4.0,1.0,0.3333333333333333,0.00388098318240621,0.05776868455891202,0.3487457502686629
941,0x7ffff7fd6662,ARITH,64.0,4.0,40.0,,0.0,4.0,40.0,3.0,0.75,0.3333333333333333,0.00129366106080207,0.04814057046576002,0.28319189121497385
57,0x7ffff7fd8f3b,BRANCH,64.0,1.0,0.0,,2.0,1.0,0.0,1.0,0.25,0.3333333333333333,0.0,0.0,0.14583333333333331
59,0x7ffff7fd92b4,ARITH,32.0,28.0,53.71,,0.0,28.0,53.71,3.0,0.75,0.0,0.01164294954721863,0.06464075099289926,0.20657092513502948
52,0x7ffff7fd966a,ARITH,64.0,37.0,51.03,,0.0,37.0,51.03,3.0,0.75,0.3333333333333333,0.01552393272962484,0.061415332771693344,0.29006814970866285
51,0x7ffff7fd9c25,BRANCH,64.0,1.0,0.0,,2.0,1.0,0.0,1.0,0.25,0.3333333333333333,0.0,0.0,0.14583333333333331
42,0x7ffff7fda85b,LOAD,64.0,1.0,0.0,,0.0,1.0,0.0,4.0,1.0,0.3333333333333333,0.0,0.0,0.3333333333333333
30,0x7ffff7fda9c3,LOGIC,32.0,56.0,64.57,,0.0,56.0,64.57,2.0,0.5,0.0,0.02371711944803795,0.0777109158743531,0.15035700883059774
31,0x7ffff7fda9cc,BRANCH,64.0,58.0,0.0,,1.0,58.0,0.0,1.0,0.25,0.3333333333333333,0.02457956015523933,0.0,0.15197822337214315
18,0x7ffff7fda9d0,ARITH,32.0,453.0,64.21,,0.0,453.0,64.21,3.0,0.75,0.0,0.19491159982751188,0.07727765074016126,0.2555473126419183
10,0x7ffff7fda9d3,BRANCH,64.0,236.0,59.66,,2.0,236.0,59.66,1.0,0.25,0.3333333333333333,0.10133678309616215,0.07180166084968106,0.18911794431979412
14,0x7ffff7fda9d3,BRANCH,64.0,126.0,60.95285714285716,,2.0,362.0,60.11,1.0,0.25,0.3333333333333333,0.05390254420008624,0.07335763285937798,0.17764837759819938
20,0x7ffff7fda9d5,LOAD,32.0,499.0,66.37,L2,0.0,499.0,66.37,4.0,1.0,0.0,0.2147477360931436,0.07987724154531231,0.323656244409614
29,0x7ffff7fda9d5,LOAD,32.0,208.0,66.77788461538456,L2,0.0,707.0,66.49,4.0,1.0,0.0,0.08926261319534283,0.08036813649703281,0.2924076874230939
8,0x7ffff7fda9d5,LOAD,32.0,190.0,68.21,L2,0.0,190.0,68.21,4.0,1.0,0.0,0.0815006468305304,0.08209170778673726,0.29089808865431693
27,0x7ffff7fda9da,OTHER,64.0,660.0,63.18000000000001,,0.0,660.0,63.18,0.0,0.0,0.3333333333333333,0.28417421302285467,0.07603803105066796,0.173386394351714
11,0x7ffff7fda9dd,ARITH,64.0,257.0,62.75,,0.0,257.0,62.75,3.0,0.75,0.3333333333333333,0.11039241052177663,0.07552051991816103,0.3173115659433177
25,0x7ffff7fda9dd,ARITH,64.0,356.0,64.17918539325844,,0.0,613.0,63.58,3.0,0.75,0.3333333333333333,0.15308322552824494,0.07724056492148085,0.32841428094576475
40,0x7ffff7fda9e1,LOGIC,32.0,1024.0,63.78,,0.0,1024.0,63.78,2.0,0.5,0.0,0.4411384217335058,0.07676013960765435,0.25447464033529005
9,0x7ffff7fda9e1,LOGIC,32.0,213.0,62.95,,0.0,213.0,62.95,2.0,0.5,0.0,0.09141871496334628,0.07576122277048983,0.16679498443345903
19,0x7ffff7fda9e3,BRANCH,64.0,475.0,0.0,,2.0,475.0,0.0,1.0,0.25,0.3333333333333333,0.20439844760672704,0.0,0.1969329452350151
28,0x7ffff7fda9e3,BRANCH,64.0,208.0,0.0,,2.0,683.0,0.0,1.0,0.25,0.3333333333333333,0.08926261319534283,0.0,0.168148986632169
6,0x7ffff7fdaa3b,LOAD,32.0,9.0,81.78,LLC,0.0,9.0,81.78,4.0,1.0,0.0,0.0034497628288055198,0.09842339631724636,0.27546828978651294
15,0x7ffff7fdaa58,ARITH,32.0,879.0,64.0,,0.0,879.0,64.0,3.0,0.75,0.0,0.37861147046140575,0.07702491274521603,0.3014090958016554
2,0x7ffff7fdaa58,ARITH,32.0,27.0,61.63,,0.0,27.0,61.63,3.0,0.75,0.0,0.01121172919361794,0.07417258394511975,0.2088460782846844
21,0x7ffff7fdaa58,ARITH,32.0,1256.0,64.12245222929937,,0.0,1283.0,64.07,3.0,0.75,0.0,0.541181543768866,0.07717228574954792,0.3420884573796034
7,0x7ffff7fdaa58,ARITH,32.0,355.0,63.91,,0.0,355.0,63.91,3.0,0.75,0.0,0.15265200517464425,0.07691659646166807,0.24489215040907808
23,0x7ffff7fdaa5c,ARITH,64.0,1427.0,63.82,,0.0,1427.0,63.82,3.0,0.75,0.3333333333333333,0.6149202242345839,0.07680828017812011,0.4437654594365093
24,0x7ffff7fdaa5c,ARITH,64.0,76.0,64.8088157894737,,0.0,1503.0,63.87,3.0,0.75,0.3333333333333333,0.03234152652005175,0.07799833408289047,0.29841829848406887
35,0x7ffff7fdaa5c,ARITH,64.0,766.0,63.42567885117492,,0.0,2269.0,63.72,3.0,0.75,0.3333333333333333,0.3298835705045278,0.07633370905184128,0.37238765322242556
22,0x7ffff7fdaa60,ARITH,32.0,1358.0,64.16,,0.0,1358.0,64.16,3.0,0.75,0.0,0.5851660198361364,0.07721747502707907,0.35309587371580387
34,0x7ffff7fdaa64,BRANCH,64.0,2197.0,62.35000000000001,,2.0,2197.0,62.35,1.0,0.25,0.3333333333333333,0.9469598965071152,0.07503911421350344,0.40133308601348794
38,0x7ffff7fdaa64,BRANCH,64.0,285.0,62.001649122807024,,2.0,2482.0,62.31,1.0,0.25,0.3333333333333333,0.12246658042259595,0.07461986896474548,0.19510494568016867
5,0x7ffff7fdaa64,BRANCH,64.0,221.0,61.83,,2.0,221.0,61.83,1.0,0.25,0.3333333333333333,0.0948684777921518,0.07441328679744855,0.1881537744807334
26,0x7ffff7fdaa6a,LOAD,32.0,1642.0,77.7,LLC,0.0,1642.0,77.7,4.0,1.0,0.0,0.7076326002587323,0.09351305812973884,0.45028641459711777
16,0x7ffff7fdaa6f,BRANCH,64.0,951.0,63.7,,2.0,951.0,63.7,1.0,0.25,0.3333333333333333,0.40965933592065545,0.07666385846672283,0.2674141319301779
3,0x7ffff7fdaa6f,BRANCH,64.0,88.0,62.55,,2.0,88.0,62.55,1.0,0.25,0.3333333333333333,0.037516170763260026,0.07527981706583223,0.17403233029060639
37,0x7ffff7fdaa6f,BRANCH,64.0,2320.0,63.87855172413793,,2.0,2408.0,63.83,1.0,0.25,0.3333333333333333,1.0,0.07687874801316395,0.4150530203366243
13,0x7ffff7fdaa71,LOAD,32.0,741.0,63.87,L1,0.0,741.0,63.87,4.0,1.0,0.0,0.3191030616645106,0.07686845589120231,0.3489928793889282
17,0x7ffff7fdaa71,LOAD,32.0,277.0,64.82552346570397,L1,0.0,1018.0,64.13,4.0,1.0,0.0,0.11901681759379043,0.07801844200951254,0.29925881490082573
36,0x7ffff7fdaa71,LOAD,32.0,1324.0,64.28919939577038,L1,0.0,2342.0,64.22,4.0,1.0,0.0,0.5705045278137129,0.07737296834248451,0.4119693740390493
39,0x7ffff7fdaa71,LOAD,32.0,196.0,64.60846938775515,L1,0.0,2538.0,64.25,4.0,1.0,0.0,0.08408796895213455,0.07775721433115315,0.2904612958208219
4,0x7ffff7fdaa75,LOGIC,32.0,145.0,63.78,,0.0,145.0,63.78,2.0,0.5,0.0,0.062095730918499355,0.07676013960765435,0.15971396763153844
12,0x7ffff7fdaa78,BRANCH,64.0,695.0,21.78,,2.0,695.0,21.78,1.0,0.25,0.3333333333333333,0.29926692539887884,0.026212540618606332,0.22720319983770462
32,0x7ffff7fdaa78,BRANCH,64.0,1364.0,22.29324046920821,,2.0,2059.0,22.12,1.0,0.25,0.3333333333333333,0.5877533419577404,0.02683023284295127,0.2994792270335062
33,0x7ffff7fdaa7e,OTHER,64.0,546.0,63.88,,0.0,546.0,63.88,0.0,0.0,0.3333333333333333,0.23501509271237603,0.07688049103381875,0.16130722926988203
41,0x7ffff7fdc2cd,ARITH,32.0,13.0,61.54,,0.0,13.0,61.54,3.0,0.75,0.0,0.00517464424320828,0.07406426766157179,0.207309727976195
50,0x7ffff7fde17a,ARITH,64.0,1.0,0.0,,0.0,1.0,0.0,3.0,0.75,0.3333333333333333,0.0,0.0,0.2708333333333333
48,0x7ffff7fe1245,OTHER,64.0,2.0,64.0,,0.0,2.0,64.0,0.0,0.0,0.3333333333333333,0.00043122035360068997,0.07702491274521603,0.10269736660803752
1,0x7ffff7fe430e,LOAD,64.0,2.0,48.0,L2,0.0,2.0,48.0,4.0,1.0,0.3333333333333333,0.00043122035360068997,0.05776868455891202,0.3478833095614615
0,0x7ffff7fe4346,LOAD,32.0,68.0,128.0,L1,0.0,68.0,128.0,4.0,1.0,0.0,0.028891763691246228,0.15404982549043206,0.2957353972954196
43,0x7ffff7fe4a37,STORE,64.0,1.0,0.0,,0.0,1.0,0.0,4.0,1.0,0.3333333333333333,0.0,0.0,0.3333333333333333
44,0x7ffff7fe6779,ARITH,64.0,1.0,0.0,,0.0,1.0,0.0,3.0,0.75,0.3333333333333333,0.0,0.0,0.2708333333333333
61,0x7ffff7fe6898,ARITH,64.0,1.0,0.0,,0.0,1.0,0.0,3.0,0.75,0.3333333333333333,0.0,0.0,0.2708333333333333
134,0x7ffff7fea254,FP,128.0,109.0,55.19,,0.0,109.0,55.19,0.0,0.0,1.0,0.04657179818887451,0.06642195210013238,0.2782484375722517
123,0x7ffff7feb62d,LOGIC,32.0,27.0,55.7,,0.0,27.0,55.7,2.0,0.5,0.0,0.01121172919361794,0.06703574437357084,0.1445618683917972
49,0x7ffff7feda7a,OTHER,32.0,6.0,53.330000000000005,,0.0,6.0,53.33,0.0,0.0,0.0,0.00215610176800345,0.06418341557347455,0.0165848793353695
54,0x7ffff7fee21b,STORE,128.0,18.0,53.33,L1,0.0,18.0,53.33,4.0,1.0,1.0,0.007330746011211729,0.06418341557347454,0.5178785403961715
